{
  "id": 163,
  "customer_id": 53,
  "customer_name": "Power Track",
  "company_name": "Jack Cooper CT Services",
  "invoice_number": "64008",
  "description": "163 Commercial Vehicles from Parking Lot to Train",
  "source_type_id": 3,
  "source_type_code": "D",
  "company_currency_type_id": 1,
  "company_currency_type_code": "USD",
  "company_amount": 1000.1600,
  "customer_currency_type_id": 2,
  "customer_currency_type_code": "CAN",
  "customer_amount": 1233.8427,
  "due_date": "2017-08-28T22:02:44.94",
  "due_date_time_zone": "CST",
  "is_prepaid": 0,
  "expiration_date": null,
  "expiration_time_zone": "CST",
  "currency_calculation_id": 163,
  "hedge_date": "2017-12-06T05:21:49.43",
  "close_date": null,
  "create_user": 1,
  "create_date": "2017-12-06T05:21:49.43",
  "update_user": null,
  "update_date": null
} {
  "id": 167,
  "customer_id": 59,
  "customer_name": "Power Track",
  "company_name": "Jack Cooper CT Services",
  "invoice_number": "24038",
  "description": "167 Van(s) moved from Plant to Parking Lot",
  "source_type_id": 1,
  "source_type_code": "O",
  "company_currency_type_id": 1,
  "company_currency_type_code": "USD",
  "company_amount": 1000.1700,
  "customer_currency_type_id": 2,
  "customer_currency_type_code": "CAN",
  "customer_amount": 1233.8550,
  "due_date": "2017-08-28T22:02:44.94",
  "due_date_time_zone": "CST",
  "is_prepaid": 0,
  "expiration_date": null,
  "expiration_time_zone": "CST",
  "currency_calculation_id": 167,
  "hedge_date": "2017-06-05T21:26:58.79",
  "close_date": null,
  "create_user": 1,
  "create_date": "2017-06-05T21:26:58.79",
  "update_user": null,
  "update_date": null
} {
  "id": 208,
  "customer_id": 53,
  "customer_name": "Power Track",
  "company_name": "Jack Cooper CT Services",
  "invoice_number": "21557",
  "description": "208 Commercial Vehicles from Parking Lot to Train",
  "source_type_id": 1,
  "source_type_code": "O",
  "company_currency_type_id": 1,
  "company_currency_type_code": "USD",
  "company_amount": 1000.2100,
  "customer_currency_type_id": 2,
  "customer_currency_type_code": "CAN",
  "customer_amount": 1233.9044,
  "due_date": "2017-08-28T22:02:44.94",
  "due_date_time_zone": "CST",
  "is_prepaid": 0,
  "expiration_date": null,
  "expiration_time_zone": "CST",
  "currency_calculation_id": 208,
  "hedge_date": "2017-10-21T19:52:07.32",
  "close_date": null,
  "create_user": 1,
  "create_date": "2017-10-21T19:52:07.32",
  "update_user": null,
  "update_date": null
} {
  "id": 257,
  "customer_id": 59,
  "customer_name": "Power Track",
  "company_name": "Jack Cooper CT Services",
  "invoice_number": "53469",
  "description": "257 Van(s) moved from Plant to Parking Lot",
  "source_type_id": 2,
  "source_type_code": "M",
  "company_currency_type_id": 1,
  "company_currency_type_code": "USD",
  "company_amount": 1000.2600,
  "customer_currency_type_id": 2,
  "customer_currency_type_code": "CAN",
  "customer_amount": 1233.9661,
  "due_date": "2017-08-28T22:02:44.94",
  "due_date_time_zone": "CST",
  "is_prepaid": 0,
  "expiration_date": null,
  "expiration_time_zone": "CST",
  "currency_calculation_id": 257,
  "hedge_date": null,
  "close_date": null,
  "create_user": 1,
  "create_date": "2017-08-28T17:29:45.45",
  "update_user": null,
  "update_date": null
} {
  "id": 284,
  "customer_id": 53,
  "customer_name": "Power Track",
  "company_name": "Jack Cooper CT Services",
  "invoice_number": "23737",
  "description": "284 Non-Commercial Vehicles from Parking Lot to Train",
  "source_type_id": 3,
  "source_type_code": "D",
  "company_currency_type_id": 1,
  "company_currency_type_code": "USD",
  "company_amount": 1000.2800,
  "customer_currency_type_id": 2,
  "customer_currency_type_code": "CAN",
  "customer_amount": 1233.9907,
  "due_date": "2017-08-28T22:02:44.94",
  "due_date_time_zone": "CST",
  "is_prepaid": 0,
  "expiration_date": null,
  "expiration_time_zone": "CST",
  "currency_calculation_id": 284,
  "hedge_date": "2017-03-07T09:35:17.87",
  "close_date": null,
  "create_user": 1,
  "create_date": "2017-03-07T09:35:17.87",
  "update_user": null,
  "update_date": null
} {
  "id": 402,
  "customer_id": 59,
  "customer_name": "Power Track",
  "company_name": "Jack Cooper CT Services",
  "invoice_number": "94352",
  "description": "402 Van(s) moved from Plant to Parking Lot",
  "source_type_id": 3,
  "source_type_code": "D",
  "company_currency_type_id": 1,
  "company_currency_type_code": "USD",
  "company_amount": 1000.4000,
  "customer_currency_type_id": 2,
  "customer_currency_type_code": "CAN",
  "customer_amount": 1234.1388,
  "due_date": "2017-08-28T22:02:44.94",
  "due_date_time_zone": "CST",
  "is_prepaid": 0,
  "expiration_date": null,
  "expiration_time_zone": "CST",
  "currency_calculation_id": 402,
  "hedge_date": "2017-04-27T04:28:42.15",
  "close_date": null,
  "create_user": 1,
  "create_date": "2017-04-27T04:28:42.15",
  "update_user": null,
  "update_date": null
} {
  "id": 702,
  "customer_id": 53,
  "customer_name": "Power Track",
  "company_name": "Jack Cooper CT Services",
  "invoice_number": "96049",
  "description": "702 Van(s) moved from Plant to Parking Lot",
  "source_type_id": 3,
  "source_type_code": "D",
  "company_currency_type_id": 1,
  "company_currency_type_code": "USD",
  "company_amount": 1000.7000,
  "customer_currency_type_id": 2,
  "customer_currency_type_code": "CAN",
  "customer_amount": 1234.5089,
  "due_date": "2017-08-28T22:02:44.94",
  "due_date_time_zone": "CST",
  "is_prepaid": 0,
  "expiration_date": null,
  "expiration_time_zone": "CST",
  "currency_calculation_id": 702,
  "hedge_date": "2017-12-18T03:49:47.78",
  "close_date": null,
  "create_user": 1,
  "create_date": "2017-12-18T03:49:47.78",
  "update_user": null,
  "update_date": null
} {
  "id": 827,
  "customer_id": 59,
  "customer_name": "Power Track",
  "company_name": "Jack Cooper CT Services",
  "invoice_number": "79023",
  "description": "827 Van(s) moved from Plant to Parking Lot",
  "source_type_id": 1,
  "source_type_code": "O",
  "company_currency_type_id": 1,
  "company_currency_type_code": "USD",
  "company_amount": 1000.8300,
  "customer_currency_type_id": 2,
  "customer_currency_type_code": "CAN",
  "customer_amount": 1234.6693,
  "due_date": "2017-08-28T22:02:44.94",
  "due_date_time_zone": "CST",
  "is_prepaid": 0,
  "expiration_date": null,
  "expiration_time_zone": "CST",
  "currency_calculation_id": 827,
  "hedge_date": "2017-03-22T17:09:03.25",
  "close_date": null,
  "create_user": 1,
  "create_date": "2017-03-22T17:09:03.25",
  "update_user": null,
  "update_date": null
} {
  "id": 1027,
  "customer_id": 53,
  "customer_name": "Power Track",
  "company_name": "Jack Cooper CT Services",
  "invoice_number": "91886",
  "description": "1027 Van(s) moved from Plant to Parking Lot",
  "source_type_id": 1,
  "source_type_code": "O",
  "company_currency_type_id": 1,
  "company_currency_type_code": "USD",
  "company_amount": 1001.0300,
  "customer_currency_type_id": 2,
  "customer_currency_type_code": "CAN",
  "customer_amount": 1234.9160,
  "due_date": "2017-08-28T22:02:44.94",
  "due_date_time_zone": "CST",
  "is_prepaid": 0,
  "expiration_date": null,
  "expiration_time_zone": "CST",
  "currency_calculation_id": 1027,
  "hedge_date": "2017-05-18T01:44:33.68",
  "close_date": null,
  "create_user": 1,
  "create_date": "2017-05-18T01:44:33.68",
  "update_user": null,
  "update_date": null
} {
  "id": 1280,
  "customer_id": 59,
  "customer_name": "Power Track",
  "company_name": "Jack Cooper CT Services",
  "invoice_number": "23732",
  "description": "1280 Car(s) moved from Plant to Parking Lot",
  "source_type_id": 1,
  "source_type_code": "O",
  "company_currency_type_id": 1,
  "company_currency_type_code": "USD",
  "company_amount": 1001.2800,
  "customer_currency_type_id": 2,
  "customer_currency_type_code": "CAN",
  "customer_amount": 1235.2244,
  "due_date": null,
  "due_date_time_zone": "CST",
  "is_prepaid": 1,
  "expiration_date": "2017-08-28T22:02:44.943",
  "expiration_time_zone": "CST",
  "currency_calculation_id": 1280,
  "hedge_date": "2017-01-09T21:58:00.96",
  "close_date": null,
  "create_user": 1,
  "create_date": "2017-01-09T21:58:00.96",
  "update_user": null,
  "update_date": null
} {
  "id": 1282,
  "customer_id": 53,
  "customer_name": "Power Track",
  "company_name": "Jack Cooper CT Services",
  "invoice_number": "87656",
  "description": "1282 Van(s) moved from Plant to Parking Lot",
  "source_type_id": 3,
  "source_type_code": "D",
  "company_currency_type_id": 1,
  "company_currency_type_code": "USD",
  "company_amount": 1001.2800,
  "customer_currency_type_id": 2,
  "customer_currency_type_code": "CAN",
  "customer_amount": 1235.2244,
  "due_date": "2017-08-28T22:02:44.94",
  "due_date_time_zone": "CST",
  "is_prepaid": 0,
  "expiration_date": null,
  "expiration_time_zone": "CST",
  "currency_calculation_id": 1282,
  "hedge_date": "2017-02-14T03:15:36.63",
  "close_date": null,
  "create_user": 1,
  "create_date": "2017-02-14T03:15:36.63",
  "update_user": null,
  "update_date": null
} {
  "id": 1355,
  "customer_id": 53,
  "customer_name": "Power Track",
  "company_name": "Jack Cooper CT Services",
  "invoice_number": "01080",
  "description": "1355 Car(s) moved from Plant to Parking Lot",
  "source_type_id": 2,
  "source_type_code": "M",
  "company_currency_type_id": 1,
  "company_currency_type_code": "USD",
  "company_amount": 1001.3600,
  "customer_currency_type_id": 2,
  "customer_currency_type_code": "CAN",
  "customer_amount": 1235.3231,
  "due_date": "2017-08-28T22:02:44.94",
  "due_date_time_zone": "CST",
  "is_prepaid": 0,
  "expiration_date": null,
  "expiration_time_zone": "CST",
  "currency_calculation_id": 1355,
  "hedge_date": null,
  "close_date": null,
  "create_user": 1,
  "create_date": "2017-03-07T21:40:58.69",
  "update_user": null,
  "update_date": null
} {
  "id": 1387,
  "customer_id": 53,
  "customer_name": "Power Track",
  "company_name": "Jack Cooper CT Services",
  "invoice_number": "94601",
  "description": "1387 Van(s) moved from Plant to Parking Lot",
  "source_type_id": 2,
  "source_type_code": "M",
  "company_currency_type_id": 1,
  "company_currency_type_code": "USD",
  "company_amount": 1001.3900,
  "customer_currency_type_id": 2,
  "customer_currency_type_code": "CAN",
  "customer_amount": 1235.3601,
  "due_date": "2017-08-28T22:02:44.94",
  "due_date_time_zone": "CST",
  "is_prepaid": 0,
  "expiration_date": null,
  "expiration_time_zone": "CST",
  "currency_calculation_id": 1387,
  "hedge_date": "2017-08-25T05:39:11.17",
  "close_date": null,
  "create_user": 1,
  "create_date": "2017-08-25T05:39:11.17",
  "update_user": null,
  "update_date": null
} {
  "id": 1437,
  "customer_id": 53,
  "customer_name": "Power Track",
  "company_name": "Jack Cooper CT Services",
  "invoice_number": "57797",
  "description": "1437 Van(s) moved from Plant to Parking Lot",
  "source_type_id": 2,
  "source_type_code": "M",
  "company_currency_type_id": 1,
  "company_currency_type_code": "USD",
  "company_amount": 1001.4400,
  "customer_currency_type_id": 2,
  "customer_currency_type_code": "CAN",
  "customer_amount": 1235.4218,
  "due_date": "2017-08-28T22:02:44.94",
  "due_date_time_zone": "CST",
  "is_prepaid": 0,
  "expiration_date": null,
  "expiration_time_zone": "CST",
  "currency_calculation_id": 1437,
  "hedge_date": "2017-05-26T08:06:32.65",
  "close_date": null,
  "create_user": 1,
  "create_date": "2017-05-26T08:06:32.65",
  "update_user": null,
  "update_date": null
} {
  "id": 1455,
  "customer_id": 53,
  "customer_name": "Power Track",
  "company_name": "Jack Cooper CT Services",
  "invoice_number": "40300",
  "description": "1455 Car(s) moved from Plant to Parking Lot",
  "source_type_id": 2,
  "source_type_code": "M",
  "company_currency_type_id": 1,
  "company_currency_type_code": "USD",
  "company_amount": 1001.4600,
  "customer_currency_type_id": 2,
  "customer_currency_type_code": "CAN",
  "customer_amount": 1235.4464,
  "due_date": "2017-08-28T22:02:44.94",
  "due_date_time_zone": "CST",
  "is_prepaid": 0,
  "expiration_date": null,
  "expiration_time_zone": "CST",
  "currency_calculation_id": 1455,
  "hedge_date": "2017-02-13T15:28:30.97",
  "close_date": null,
  "create_user": 1,
  "create_date": "2017-02-13T15:28:30.97",
  "update_user": null,
  "update_date": null
} {
  "id": 1476,
  "customer_id": 53,
  "customer_name": "Power Track",
  "company_name": "Jack Cooper CT Services",
  "invoice_number": "38446",
  "description": "1476 Truck(s) moved from Plant to Parking Lot",
  "source_type_id": 2,
  "source_type_code": "M",
  "company_currency_type_id": 1,
  "company_currency_type_code": "USD",
  "company_amount": 1001.4800,
  "customer_currency_type_id": 2,
  "customer_currency_type_code": "CAN",
  "customer_amount": 1235.4711,
  "due_date": "2017-08-28T22:02:44.94",
  "due_date_time_zone": "CST",
  "is_prepaid": 0,
  "expiration_date": null,
  "expiration_time_zone": "CST",
  "currency_calculation_id": 1476,
  "hedge_date": "2017-11-26T23:47:57.15",
  "close_date": null,
  "create_user": 1,
  "create_date": "2017-11-26T23:47:57.15",
  "update_user": null,
  "update_date": null
} {
  "id": 1592,
  "customer_id": 59,
  "customer_name": "Power Track",
  "company_name": "Jack Cooper CT Services",
  "invoice_number": "35415",
  "description": "1592 Van(s) moved from Plant to Parking Lot",
  "source_type_id": 1,
  "source_type_code": "O",
  "company_currency_type_id": 1,
  "company_currency_type_code": "USD",
  "company_amount": 1001.5900,
  "customer_currency_type_id": 2,
  "customer_currency_type_code": "CAN",
  "customer_amount": 1235.6068,
  "due_date": "2017-08-28T22:02:44.94",
  "due_date_time_zone": "CST",
  "is_prepaid": 0,
  "expiration_date": null,
  "expiration_time_zone": "CST",
  "currency_calculation_id": 1592,
  "hedge_date": "2017-04-11T12:31:00.47",
  "close_date": null,
  "create_user": 1,
  "create_date": "2017-04-11T12:31:00.47",
  "update_user": null,
  "update_date": null
} {
  "id": 1729,
  "customer_id": 53,
  "customer_name": "Power Track",
  "company_name": "Jack Cooper CT Services",
  "invoice_number": "33582",
  "description": "1729 Non-Commercial Vehicles from Parking Lot to Train",
  "source_type_id": 3,
  "source_type_code": "D",
  "company_currency_type_id": 1,
  "company_currency_type_code": "USD",
  "company_amount": 1001.7300,
  "customer_currency_type_id": 2,
  "customer_currency_type_code": "CAN",
  "customer_amount": 1235.7795,
  "due_date": "2017-08-28T22:02:44.94",
  "due_date_time_zone": "CST",
  "is_prepaid": 0,
  "expiration_date": null,
  "expiration_time_zone": "CST",
  "currency_calculation_id": 1729,
  "hedge_date": "2017-02-12T11:47:50.8",
  "close_date": null,
  "create_user": 1,
  "create_date": "2017-02-12T11:47:50.8",
  "update_user": null,
  "update_date": null
} {
  "id": 1932,
  "customer_id": 53,
  "customer_name": "Power Track",
  "company_name": "Jack Cooper CT Services",
  "invoice_number": "17720",
  "description": "1932 Van(s) moved from Plant to Parking Lot",
  "source_type_id": 3,
  "source_type_code": "D",
  "company_currency_type_id": 1,
  "company_currency_type_code": "USD",
  "company_amount": 1001.9300,
  "customer_currency_type_id": 2,
  "customer_currency_type_code": "CAN",
  "customer_amount": 1236.0263,
  "due_date": "2017-08-28T22:02:44.94",
  "due_date_time_zone": "CST",
  "is_prepaid": 0,
  "expiration_date": null,
  "expiration_time_zone": "CST",
  "currency_calculation_id": 1932,
  "hedge_date": "2017-09-22T23:01:46.41",
  "close_date": null,
  "create_user": 1,
  "create_date": "2017-09-22T23:01:46.41",
  "update_user": null,
  "update_date": null
} {
  "id": 1963,
  "customer_id": 59,
  "customer_name": "Power Track",
  "company_name": "Jack Cooper CT Services",
  "invoice_number": "04630",
  "description": "1963 Commercial Vehicles from Parking Lot to Train",
  "source_type_id": 1,
  "source_type_code": "O",
  "company_currency_type_id": 1,
  "company_currency_type_code": "USD",
  "company_amount": 1001.9600,
  "customer_currency_type_id": 2,
  "customer_currency_type_code": "CAN",
  "customer_amount": 1236.0633,
  "due_date": "2017-08-28T22:02:44.94",
  "due_date_time_zone": "CST",
  "is_prepaid": 0,
  "expiration_date": null,
  "expiration_time_zone": "CST",
  "currency_calculation_id": 1963,
  "hedge_date": "2017-01-23T00:35:43.22",
  "close_date": null,
  "create_user": 1,
  "create_date": "2017-01-23T00:35:43.22",
  "update_user": null,
  "update_date": null
} {
  "id": 2013,
  "customer_id": 53,
  "customer_name": "Power Track",
  "company_name": "Jack Cooper CT Services",
  "invoice_number": "87789",
  "description": "2013 Commercial Vehicles from Parking Lot to Train",
  "source_type_id": 1,
  "source_type_code": "O",
  "company_currency_type_id": 1,
  "company_currency_type_code": "USD",
  "company_amount": 1002.0100,
  "customer_currency_type_id": 2,
  "customer_currency_type_code": "CAN",
  "customer_amount": 1236.1250,
  "due_date": "2017-08-28T22:02:44.94",
  "due_date_time_zone": "CST",
  "is_prepaid": 0,
  "expiration_date": null,
  "expiration_time_zone": "CST",
  "currency_calculation_id": 2013,
  "hedge_date": null,
  "close_date": null,
  "create_user": 1,
  "create_date": "2017-03-14T02:02:06.35",
  "update_user": null,
  "update_date": null
} {
  "id": 2044,
  "customer_id": 59,
  "customer_name": "Power Track",
  "company_name": "Jack Cooper CT Services",
  "invoice_number": "30834",
  "description": "2044 Non-Commercial Vehicles from Parking Lot to Train",
  "source_type_id": 1,
  "source_type_code": "O",
  "company_currency_type_id": 1,
  "company_currency_type_code": "USD",
  "company_amount": 1002.0400,
  "customer_currency_type_id": 2,
  "customer_currency_type_code": "CAN",
  "customer_amount": 1236.1620,
  "due_date": "2017-08-28T22:02:44.94",
  "due_date_time_zone": "CST",
  "is_prepaid": 0,
  "expiration_date": null,
  "expiration_time_zone": "CST",
  "currency_calculation_id": 2044,
  "hedge_date": "2017-09-13T20:27:33.24",
  "close_date": null,
  "create_user": 1,
  "create_date": "2017-09-13T20:27:33.24",
  "update_user": null,
  "update_date": null
} {
  "id": 2052,
  "customer_id": 53,
  "customer_name": "Power Track",
  "company_name": "Jack Cooper CT Services",
  "invoice_number": "83474",
  "description": "2052 Van(s) moved from Plant to Parking Lot",
  "source_type_id": 2,
  "source_type_code": "M",
  "company_currency_type_id": 1,
  "company_currency_type_code": "USD",
  "company_amount": 1002.0500,
  "customer_currency_type_id": 2,
  "customer_currency_type_code": "CAN",
  "customer_amount": 1236.1743,
  "due_date": "2017-08-28T22:02:44.94",
  "due_date_time_zone": "CST",
  "is_prepaid": 0,
  "expiration_date": null,
  "expiration_time_zone": "CST",
  "currency_calculation_id": 2052,
  "hedge_date": null,
  "close_date": null,
  "create_user": 1,
  "create_date": "2017-09-14T23:58:18.31",
  "update_user": null,
  "update_date": null
} {
  "id": 2193,
  "customer_id": 59,
  "customer_name": "Power Track",
  "company_name": "Jack Cooper CT Services",
  "invoice_number": "13861",
  "description": "2193 Commercial Vehicles from Parking Lot to Train",
  "source_type_id": 1,
  "source_type_code": "O",
  "company_currency_type_id": 1,
  "company_currency_type_code": "USD",
  "company_amount": 1002.1900,
  "customer_currency_type_id": 2,
  "customer_currency_type_code": "CAN",
  "customer_amount": 1236.3470,
  "due_date": "2017-08-28T22:02:44.94",
  "due_date_time_zone": "CST",
  "is_prepaid": 0,
  "expiration_date": null,
  "expiration_time_zone": "CST",
  "currency_calculation_id": 2193,
  "hedge_date": "2017-04-07T08:32:22.72",
  "close_date": null,
  "create_user": 1,
  "create_date": "2017-04-07T08:32:22.72",
  "update_user": null,
  "update_date": null
} {
  "id": 2210,
  "customer_id": 53,
  "customer_name": "Power Track",
  "company_name": "Jack Cooper CT Services",
  "invoice_number": "12867",
  "description": "2210 Car(s) moved from Plant to Parking Lot",
  "source_type_id": 2,
  "source_type_code": "M",
  "company_currency_type_id": 1,
  "company_currency_type_code": "USD",
  "company_amount": 1002.2100,
  "customer_currency_type_id": 2,
  "customer_currency_type_code": "CAN",
  "customer_amount": 1236.3717,
  "due_date": null,
  "due_date_time_zone": "CST",
  "is_prepaid": 1,
  "expiration_date": "2017-08-28T22:02:44.943",
  "expiration_time_zone": "CST",
  "currency_calculation_id": 2210,
  "hedge_date": null,
  "close_date": null,
  "create_user": 1,
  "create_date": "2017-03-02T05:58:49.64",
  "update_user": null,
  "update_date": null
} {
  "id": 2301,
  "customer_id": 59,
  "customer_name": "Power Track",
  "company_name": "Jack Cooper CT Services",
  "invoice_number": "00355",
  "description": "2301 Truck(s) moved from Plant to Parking Lot",
  "source_type_id": 1,
  "source_type_code": "O",
  "company_currency_type_id": 1,
  "company_currency_type_code": "USD",
  "company_amount": 1002.3000,
  "customer_currency_type_id": 2,
  "customer_currency_type_code": "CAN",
  "customer_amount": 1236.4827,
  "due_date": "2017-08-28T22:02:44.94",
  "due_date_time_zone": "CST",
  "is_prepaid": 0,
  "expiration_date": null,
  "expiration_time_zone": "CST",
  "currency_calculation_id": 2301,
  "hedge_date": "2017-04-25T10:46:22.39",
  "close_date": null,
  "create_user": 1,
  "create_date": "2017-04-25T10:46:22.39",
  "update_user": null,
  "update_date": null
} {
  "id": 2347,
  "customer_id": 53,
  "customer_name": "Power Track",
  "company_name": "Jack Cooper CT Services",
  "invoice_number": "79751",
  "description": "2347 Van(s) moved from Plant to Parking Lot",
  "source_type_id": 2,
  "source_type_code": "M",
  "company_currency_type_id": 1,
  "company_currency_type_code": "USD",
  "company_amount": 1002.3500,
  "customer_currency_type_id": 2,
  "customer_currency_type_code": "CAN",
  "customer_amount": 1236.5444,
  "due_date": "2017-08-28T22:02:44.94",
  "due_date_time_zone": "CST",
  "is_prepaid": 0,
  "expiration_date": null,
  "expiration_time_zone": "CST",
  "currency_calculation_id": 2347,
  "hedge_date": "2017-06-03T12:21:32.4",
  "close_date": null,
  "create_user": 1,
  "create_date": "2017-06-03T12:21:32.4",
  "update_user": null,
  "update_date": null
} {
  "id": 2415,
  "customer_id": 59,
  "customer_name": "Power Track",
  "company_name": "Jack Cooper CT Services",
  "invoice_number": "75318",
  "description": "2415 Car(s) moved from Plant to Parking Lot",
  "source_type_id": 1,
  "source_type_code": "O",
  "company_currency_type_id": 1,
  "company_currency_type_code": "USD",
  "company_amount": 1002.4200,
  "customer_currency_type_id": 2,
  "customer_currency_type_code": "CAN",
  "customer_amount": 1236.6307,
  "due_date": "2017-08-28T22:02:44.94",
  "due_date_time_zone": "CST",
  "is_prepaid": 0,
  "expiration_date": null,
  "expiration_time_zone": "CST",
  "currency_calculation_id": 2415,
  "hedge_date": "2017-03-12T05:34:44.51",
  "close_date": null,
  "create_user": 1,
  "create_date": "2017-03-12T05:34:44.51",
  "update_user": null,
  "update_date": null
} {
  "id": 2508,
  "customer_id": 53,
  "customer_name": "Power Track",
  "company_name": "Jack Cooper CT Services",
  "invoice_number": "13662",
  "description": "2508 Commercial Vehicles from Parking Lot to Train",
  "source_type_id": 1,
  "source_type_code": "O",
  "company_currency_type_id": 1,
  "company_currency_type_code": "USD",
  "company_amount": 1002.5100,
  "customer_currency_type_id": 2,
  "customer_currency_type_code": "CAN",
  "customer_amount": 1236.7418,
  "due_date": "2017-08-28T22:02:44.94",
  "due_date_time_zone": "CST",
  "is_prepaid": 0,
  "expiration_date": null,
  "expiration_time_zone": "CST",
  "currency_calculation_id": 2508,
  "hedge_date": "2017-08-20T10:15:55.19",
  "close_date": null,
  "create_user": 1,
  "create_date": "2017-08-20T10:15:55.19",
  "update_user": null,
  "update_date": null
} {
  "id": 2615,
  "customer_id": 59,
  "customer_name": "Power Track",
  "company_name": "Jack Cooper CT Services",
  "invoice_number": "44137",
  "description": "2615 Car(s) moved from Plant to Parking Lot",
  "source_type_id": 1,
  "source_type_code": "O",
  "company_currency_type_id": 1,
  "company_currency_type_code": "USD",
  "company_amount": 1002.6200,
  "customer_currency_type_id": 2,
  "customer_currency_type_code": "CAN",
  "customer_amount": 1236.8775,
  "due_date": "2017-08-28T22:02:44.94",
  "due_date_time_zone": "CST",
  "is_prepaid": 0,
  "expiration_date": null,
  "expiration_time_zone": "CST",
  "currency_calculation_id": 2615,
  "hedge_date": "2017-09-20T00:04:12.27",
  "close_date": null,
  "create_user": 1,
  "create_date": "2017-09-20T00:04:12.27",
  "update_user": null,
  "update_date": null
} {
  "id": 2667,
  "customer_id": 59,
  "customer_name": "Power Track",
  "company_name": "Jack Cooper CT Services",
  "invoice_number": "17800",
  "description": "2667 Van(s) moved from Plant to Parking Lot",
  "source_type_id": 2,
  "source_type_code": "M",
  "company_currency_type_id": 1,
  "company_currency_type_code": "USD",
  "company_amount": 1002.6700,
  "customer_currency_type_id": 2,
  "customer_currency_type_code": "CAN",
  "customer_amount": 1236.9392,
  "due_date": "2017-08-28T22:02:44.94",
  "due_date_time_zone": "CST",
  "is_prepaid": 0,
  "expiration_date": null,
  "expiration_time_zone": "CST",
  "currency_calculation_id": 2667,
  "hedge_date": null,
  "close_date": null,
  "create_user": 1,
  "create_date": "2017-03-12T05:55:08.45",
  "update_user": null,
  "update_date": null
} {
  "id": 2729,
  "customer_id": 59,
  "customer_name": "Power Track",
  "company_name": "Jack Cooper CT Services",
  "invoice_number": "51706",
  "description": "2729 Non-Commercial Vehicles from Parking Lot to Train",
  "source_type_id": 2,
  "source_type_code": "M",
  "company_currency_type_id": 1,
  "company_currency_type_code": "USD",
  "company_amount": 1002.7300,
  "customer_currency_type_id": 2,
  "customer_currency_type_code": "CAN",
  "customer_amount": 1237.0132,
  "due_date": "2017-08-28T22:02:44.94",
  "due_date_time_zone": "CST",
  "is_prepaid": 0,
  "expiration_date": null,
  "expiration_time_zone": "CST",
  "currency_calculation_id": 2729,
  "hedge_date": "2017-01-23T10:56:55.55",
  "close_date": null,
  "create_user": 1,
  "create_date": "2017-01-23T10:56:55.55",
  "update_user": null,
  "update_date": null
} {
  "id": 2808,
  "customer_id": 59,
  "customer_name": "Power Track",
  "company_name": "Jack Cooper CT Services",
  "invoice_number": "12061",
  "description": "2808 Commercial Vehicles from Parking Lot to Train",
  "source_type_id": 2,
  "source_type_code": "M",
  "company_currency_type_id": 1,
  "company_currency_type_code": "USD",
  "company_amount": 1002.8100,
  "customer_currency_type_id": 2,
  "customer_currency_type_code": "CAN",
  "customer_amount": 1237.1119,
  "due_date": "2017-08-28T22:02:44.94",
  "due_date_time_zone": "CST",
  "is_prepaid": 0,
  "expiration_date": null,
  "expiration_time_zone": "CST",
  "currency_calculation_id": 2808,
  "hedge_date": "2017-10-10T04:22:01.91",
  "close_date": null,
  "create_user": 1,
  "create_date": "2017-10-10T04:22:01.91",
  "update_user": null,
  "update_date": null
} {
  "id": 2881,
  "customer_id": 59,
  "customer_name": "Power Track",
  "company_name": "Jack Cooper CT Services",
  "invoice_number": "96319",
  "description": "2881 Truck(s) moved from Plant to Parking Lot",
  "source_type_id": 1,
  "source_type_code": "O",
  "company_currency_type_id": 1,
  "company_currency_type_code": "USD",
  "company_amount": 1002.8800,
  "customer_currency_type_id": 2,
  "customer_currency_type_code": "CAN",
  "customer_amount": 1237.1982,
  "due_date": "2017-08-28T22:02:44.94",
  "due_date_time_zone": "CST",
  "is_prepaid": 0,
  "expiration_date": null,
  "expiration_time_zone": "CST",
  "currency_calculation_id": 2881,
  "hedge_date": "2017-02-09T13:05:24.69",
  "close_date": null,
  "create_user": 1,
  "create_date": "2017-02-09T13:05:24.69",
  "update_user": null,
  "update_date": null
} {
  "id": 2959,
  "customer_id": 53,
  "customer_name": "Power Track",
  "company_name": "Jack Cooper CT Services",
  "invoice_number": "10144",
  "description": "2959 Non-Commercial Vehicles from Parking Lot to Train",
  "source_type_id": 2,
  "source_type_code": "M",
  "company_currency_type_id": 1,
  "company_currency_type_code": "USD",
  "company_amount": 1002.9600,
  "customer_currency_type_id": 2,
  "customer_currency_type_code": "CAN",
  "customer_amount": 1237.2969,
  "due_date": "2017-08-28T22:02:44.94",
  "due_date_time_zone": "CST",
  "is_prepaid": 0,
  "expiration_date": null,
  "expiration_time_zone": "CST",
  "currency_calculation_id": 2959,
  "hedge_date": null,
  "close_date": null,
  "create_user": 1,
  "create_date": "2017-08-07T16:01:41.46",
  "update_user": null,
  "update_date": null
} {
  "id": 3124,
  "customer_id": 59,
  "customer_name": "Power Track",
  "company_name": "Jack Cooper CT Services",
  "invoice_number": "67331",
  "description": "3124 Non-Commercial Vehicles from Parking Lot to Train",
  "source_type_id": 3,
  "source_type_code": "D",
  "company_currency_type_id": 1,
  "company_currency_type_code": "USD",
  "company_amount": 1003.1200,
  "customer_currency_type_id": 2,
  "customer_currency_type_code": "CAN",
  "customer_amount": 1237.4943,
  "due_date": "2017-08-28T22:02:44.94",
  "due_date_time_zone": "CST",
  "is_prepaid": 0,
  "expiration_date": null,
  "expiration_time_zone": "CST",
  "currency_calculation_id": 3124,
  "hedge_date": "2017-10-30T03:02:05.56",
  "close_date": null,
  "create_user": 1,
  "create_date": "2017-10-30T03:02:05.56",
  "update_user": null,
  "update_date": null
} {
  "id": 3197,
  "customer_id": 53,
  "customer_name": "Power Track",
  "company_name": "Jack Cooper CT Services",
  "invoice_number": "88204",
  "description": "3197 Van(s) moved from Plant to Parking Lot",
  "source_type_id": 2,
  "source_type_code": "M",
  "company_currency_type_id": 1,
  "company_currency_type_code": "USD",
  "company_amount": 1003.2000,
  "customer_currency_type_id": 2,
  "customer_currency_type_code": "CAN",
  "customer_amount": 1237.5930,
  "due_date": "2017-08-28T22:02:44.94",
  "due_date_time_zone": "CST",
  "is_prepaid": 0,
  "expiration_date": null,
  "expiration_time_zone": "CST",
  "currency_calculation_id": 3197,
  "hedge_date": "2017-05-26T20:31:35.79",
  "close_date": null,
  "create_user": 1,
  "create_date": "2017-05-26T20:31:35.79",
  "update_user": null,
  "update_date": null
} {
  "id": 3315,
  "customer_id": 53,
  "customer_name": "Power Track",
  "company_name": "Jack Cooper CT Services",
  "invoice_number": "40614",
  "description": "3315 Car(s) moved from Plant to Parking Lot",
  "source_type_id": 1,
  "source_type_code": "O",
  "company_currency_type_id": 1,
  "company_currency_type_code": "USD",
  "company_amount": 1003.3200,
  "customer_currency_type_id": 2,
  "customer_currency_type_code": "CAN",
  "customer_amount": 1237.7410,
  "due_date": "2017-08-28T22:02:44.94",
  "due_date_time_zone": "CST",
  "is_prepaid": 0,
  "expiration_date": null,
  "expiration_time_zone": "CST",
  "currency_calculation_id": 3315,
  "hedge_date": null,
  "close_date": null,
  "create_user": 1,
  "create_date": "2017-06-25T14:18:28.07",
  "update_user": null,
  "update_date": null
} {
  "id": 3360,
  "customer_id": 59,
  "customer_name": "Power Track",
  "company_name": "Jack Cooper CT Services",
  "invoice_number": "19448",
  "description": "3360 Car(s) moved from Plant to Parking Lot",
  "source_type_id": 1,
  "source_type_code": "O",
  "company_currency_type_id": 1,
  "company_currency_type_code": "USD",
  "company_amount": 1003.3600,
  "customer_currency_type_id": 2,
  "customer_currency_type_code": "CAN",
  "customer_amount": 1237.7904,
  "due_date": null,
  "due_date_time_zone": "CST",
  "is_prepaid": 1,
  "expiration_date": "2017-08-28T22:02:44.943",
  "expiration_time_zone": "CST",
  "currency_calculation_id": 3360,
  "hedge_date": null,
  "close_date": null,
  "create_user": 1,
  "create_date": "2017-02-26T16:34:27.21",
  "update_user": null,
  "update_date": null
} {
  "id": 3477,
  "customer_id": 53,
  "customer_name": "Power Track",
  "company_name": "Jack Cooper CT Services",
  "invoice_number": "06185",
  "description": "3477 Van(s) moved from Plant to Parking Lot",
  "source_type_id": 2,
  "source_type_code": "M",
  "company_currency_type_id": 1,
  "company_currency_type_code": "USD",
  "company_amount": 1003.4800,
  "customer_currency_type_id": 2,
  "customer_currency_type_code": "CAN",
  "customer_amount": 1237.9384,
  "due_date": "2017-08-28T22:02:44.94",
  "due_date_time_zone": "CST",
  "is_prepaid": 0,
  "expiration_date": null,
  "expiration_time_zone": "CST",
  "currency_calculation_id": 3477,
  "hedge_date": "2017-09-28T23:56:39.86",
  "close_date": null,
  "create_user": 1,
  "create_date": "2017-09-28T23:56:39.86",
  "update_user": null,
  "update_date": null
} {
  "id": 3511,
  "customer_id": 53,
  "customer_name": "Power Track",
  "company_name": "Jack Cooper CT Services",
  "invoice_number": "75900",
  "description": "3511 Truck(s) moved from Plant to Parking Lot",
  "source_type_id": 3,
  "source_type_code": "D",
  "company_currency_type_id": 1,
  "company_currency_type_code": "USD",
  "company_amount": 1003.5100,
  "customer_currency_type_id": 2,
  "customer_currency_type_code": "CAN",
  "customer_amount": 1237.9754,
  "due_date": "2017-08-28T22:02:44.94",
  "due_date_time_zone": "CST",
  "is_prepaid": 0,
  "expiration_date": null,
  "expiration_time_zone": "CST",
  "currency_calculation_id": 3511,
  "hedge_date": "2017-06-28T07:01:55.4",
  "close_date": null,
  "create_user": 1,
  "create_date": "2017-06-28T07:01:55.4",
  "update_user": null,
  "update_date": null
} {
  "id": 3541,
  "customer_id": 59,
  "customer_name": "Power Track",
  "company_name": "Jack Cooper CT Services",
  "invoice_number": "68916",
  "description": "3541 Truck(s) moved from Plant to Parking Lot",
  "source_type_id": 3,
  "source_type_code": "D",
  "company_currency_type_id": 1,
  "company_currency_type_code": "USD",
  "company_amount": 1003.5400,
  "customer_currency_type_id": 2,
  "customer_currency_type_code": "CAN",
  "customer_amount": 1238.0124,
  "due_date": "2017-08-28T22:02:44.94",
  "due_date_time_zone": "CST",
  "is_prepaid": 0,
  "expiration_date": null,
  "expiration_time_zone": "CST",
  "currency_calculation_id": 3541,
  "hedge_date": "2017-07-08T05:59:44.33",
  "close_date": null,
  "create_user": 1,
  "create_date": "2017-07-08T05:59:44.33",
  "update_user": null,
  "update_date": null
} {
  "id": 3597,
  "customer_id": 59,
  "customer_name": "Power Track",
  "company_name": "Jack Cooper CT Services",
  "invoice_number": "72434",
  "description": "3597 Van(s) moved from Plant to Parking Lot",
  "source_type_id": 2,
  "source_type_code": "M",
  "company_currency_type_id": 1,
  "company_currency_type_code": "USD",
  "company_amount": 1003.6000,
  "customer_currency_type_id": 2,
  "customer_currency_type_code": "CAN",
  "customer_amount": 1238.0865,
  "due_date": "2017-08-28T22:02:44.94",
  "due_date_time_zone": "CST",
  "is_prepaid": 0,
  "expiration_date": null,
  "expiration_time_zone": "CST",
  "currency_calculation_id": 3597,
  "hedge_date": "2017-07-17T03:42:07.19",
  "close_date": null,
  "create_user": 1,
  "create_date": "2017-07-17T03:42:07.19",
  "update_user": null,
  "update_date": null
} {
  "id": 3687,
  "customer_id": 53,
  "customer_name": "Power Track",
  "company_name": "Jack Cooper CT Services",
  "invoice_number": "77051",
  "description": "3687 Van(s) moved from Plant to Parking Lot",
  "source_type_id": 1,
  "source_type_code": "O",
  "company_currency_type_id": 1,
  "company_currency_type_code": "USD",
  "company_amount": 1003.6900,
  "customer_currency_type_id": 2,
  "customer_currency_type_code": "CAN",
  "customer_amount": 1238.1975,
  "due_date": "2017-08-28T22:02:44.94",
  "due_date_time_zone": "CST",
  "is_prepaid": 0,
  "expiration_date": null,
  "expiration_time_zone": "CST",
  "currency_calculation_id": 3687,
  "hedge_date": "2017-04-18T02:33:19.59",
  "close_date": null,
  "create_user": 1,
  "create_date": "2017-04-18T02:33:19.59",
  "update_user": null,
  "update_date": null
} {
  "id": 3689,
  "customer_id": 59,
  "customer_name": "Power Track",
  "company_name": "Jack Cooper CT Services",
  "invoice_number": "89747",
  "description": "3689 Non-Commercial Vehicles from Parking Lot to Train",
  "source_type_id": 1,
  "source_type_code": "O",
  "company_currency_type_id": 1,
  "company_currency_type_code": "USD",
  "company_amount": 1003.6900,
  "customer_currency_type_id": 2,
  "customer_currency_type_code": "CAN",
  "customer_amount": 1238.1975,
  "due_date": "2017-08-28T22:02:44.94",
  "due_date_time_zone": "CST",
  "is_prepaid": 0,
  "expiration_date": null,
  "expiration_time_zone": "CST",
  "currency_calculation_id": 3689,
  "hedge_date": "2017-02-17T11:35:11.21",
  "close_date": null,
  "create_user": 1,
  "create_date": "2017-02-17T11:35:11.21",
  "update_user": null,
  "update_date": null
} {
  "id": 3762,
  "customer_id": 53,
  "customer_name": "Power Track",
  "company_name": "Jack Cooper CT Services",
  "invoice_number": "48529",
  "description": "3762 Van(s) moved from Plant to Parking Lot",
  "source_type_id": 2,
  "source_type_code": "M",
  "company_currency_type_id": 1,
  "company_currency_type_code": "USD",
  "company_amount": 1003.7600,
  "customer_currency_type_id": 2,
  "customer_currency_type_code": "CAN",
  "customer_amount": 1238.2838,
  "due_date": "2017-08-28T22:02:44.94",
  "due_date_time_zone": "CST",
  "is_prepaid": 0,
  "expiration_date": null,
  "expiration_time_zone": "CST",
  "currency_calculation_id": 3762,
  "hedge_date": null,
  "close_date": null,
  "create_user": 1,
  "create_date": "2017-06-09T04:14:14.78",
  "update_user": null,
  "update_date": null
} {
  "id": 3929,
  "customer_id": 59,
  "customer_name": "Power Track",
  "company_name": "Jack Cooper CT Services",
  "invoice_number": "40280",
  "description": "3929 Non-Commercial Vehicles from Parking Lot to Train",
  "source_type_id": 3,
  "source_type_code": "D",
  "company_currency_type_id": 1,
  "company_currency_type_code": "USD",
  "company_amount": 1003.9300,
  "customer_currency_type_id": 2,
  "customer_currency_type_code": "CAN",
  "customer_amount": 1238.4936,
  "due_date": "2017-08-28T22:02:44.94",
  "due_date_time_zone": "CST",
  "is_prepaid": 0,
  "expiration_date": null,
  "expiration_time_zone": "CST",
  "currency_calculation_id": 3929,
  "hedge_date": "2017-06-07T17:09:08.71",
  "close_date": null,
  "create_user": 1,
  "create_date": "2017-06-07T17:09:08.71",
  "update_user": null,
  "update_date": null
} {
  "id": 4141,
  "customer_id": 53,
  "customer_name": "Power Track",
  "company_name": "Jack Cooper CT Services",
  "invoice_number": "69244",
  "description": "4141 Truck(s) moved from Plant to Parking Lot",
  "source_type_id": 1,
  "source_type_code": "O",
  "company_currency_type_id": 1,
  "company_currency_type_code": "USD",
  "company_amount": 1004.1400,
  "customer_currency_type_id": 2,
  "customer_currency_type_code": "CAN",
  "customer_amount": 1238.7526,
  "due_date": "2017-08-28T22:02:44.94",
  "due_date_time_zone": "CST",
  "is_prepaid": 0,
  "expiration_date": null,
  "expiration_time_zone": "CST",
  "currency_calculation_id": 4141,
  "hedge_date": "2017-08-01T03:24:30.9",
  "close_date": null,
  "create_user": 1,
  "create_date": "2017-08-01T03:24:30.9",
  "update_user": null,
  "update_date": null
} {
  "id": 4195,
  "customer_id": 59,
  "customer_name": "Power Track",
  "company_name": "Jack Cooper CT Services",
  "invoice_number": "80495",
  "description": "4195 Car(s) moved from Plant to Parking Lot",
  "source_type_id": 2,
  "source_type_code": "M",
  "company_currency_type_id": 1,
  "company_currency_type_code": "USD",
  "company_amount": 1004.2000,
  "customer_currency_type_id": 2,
  "customer_currency_type_code": "CAN",
  "customer_amount": 1238.8266,
  "due_date": "2017-08-28T22:02:44.94",
  "due_date_time_zone": "CST",
  "is_prepaid": 0,
  "expiration_date": null,
  "expiration_time_zone": "CST",
  "currency_calculation_id": 4195,
  "hedge_date": "2017-04-23T05:03:39.21",
  "close_date": null,
  "create_user": 1,
  "create_date": "2017-04-23T05:03:39.21",
  "update_user": null,
  "update_date": null
} {
  "id": 4212,
  "customer_id": 53,
  "customer_name": "Power Track",
  "company_name": "Jack Cooper CT Services",
  "invoice_number": "18017",
  "description": "4212 Van(s) moved from Plant to Parking Lot",
  "source_type_id": 2,
  "source_type_code": "M",
  "company_currency_type_id": 1,
  "company_currency_type_code": "USD",
  "company_amount": 1004.2100,
  "customer_currency_type_id": 2,
  "customer_currency_type_code": "CAN",
  "customer_amount": 1238.8390,
  "due_date": "2017-08-28T22:02:44.94",
  "due_date_time_zone": "CST",
  "is_prepaid": 0,
  "expiration_date": null,
  "expiration_time_zone": "CST",
  "currency_calculation_id": 4212,
  "hedge_date": null,
  "close_date": null,
  "create_user": 1,
  "create_date": "2017-12-06T08:13:15.07",
  "update_user": null,
  "update_date": null
} {
  "id": 4355,
  "customer_id": 53,
  "customer_name": "Power Track",
  "company_name": "Jack Cooper CT Services",
  "invoice_number": "05190",
  "description": "4355 Car(s) moved from Plant to Parking Lot",
  "source_type_id": 3,
  "source_type_code": "D",
  "company_currency_type_id": 1,
  "company_currency_type_code": "USD",
  "company_amount": 1004.3600,
  "customer_currency_type_id": 2,
  "customer_currency_type_code": "CAN",
  "customer_amount": 1239.0240,
  "due_date": "2017-08-28T22:02:44.94",
  "due_date_time_zone": "CST",
  "is_prepaid": 0,
  "expiration_date": null,
  "expiration_time_zone": "CST",
  "currency_calculation_id": 4355,
  "hedge_date": "2017-03-05T20:31:14.18",
  "close_date": null,
  "create_user": 1,
  "create_date": "2017-03-05T20:31:14.18",
  "update_user": null,
  "update_date": null
} {
  "id": 4362,
  "customer_id": 53,
  "customer_name": "Power Track",
  "company_name": "Jack Cooper CT Services",
  "invoice_number": "85518",
  "description": "4362 Van(s) moved from Plant to Parking Lot",
  "source_type_id": 1,
  "source_type_code": "O",
  "company_currency_type_id": 1,
  "company_currency_type_code": "USD",
  "company_amount": 1004.3600,
  "customer_currency_type_id": 2,
  "customer_currency_type_code": "CAN",
  "customer_amount": 1239.0240,
  "due_date": "2017-08-28T22:02:44.94",
  "due_date_time_zone": "CST",
  "is_prepaid": 0,
  "expiration_date": null,
  "expiration_time_zone": "CST",
  "currency_calculation_id": 4362,
  "hedge_date": "2017-12-07T06:16:09.91",
  "close_date": null,
  "create_user": 1,
  "create_date": "2017-12-07T06:16:09.91",
  "update_user": null,
  "update_date": null
} {
  "id": 4419,
  "customer_id": 59,
  "customer_name": "Power Track",
  "company_name": "Jack Cooper CT Services",
  "invoice_number": "67536",
  "description": "4419 Non-Commercial Vehicles from Parking Lot to Train",
  "source_type_id": 1,
  "source_type_code": "O",
  "company_currency_type_id": 1,
  "company_currency_type_code": "USD",
  "company_amount": 1004.4200,
  "customer_currency_type_id": 2,
  "customer_currency_type_code": "CAN",
  "customer_amount": 1239.0980,
  "due_date": "2017-08-28T22:02:44.94",
  "due_date_time_zone": "CST",
  "is_prepaid": 0,
  "expiration_date": null,
  "expiration_time_zone": "CST",
  "currency_calculation_id": 4419,
  "hedge_date": null,
  "close_date": null,
  "create_user": 1,
  "create_date": "2017-05-16T12:45:53.21",
  "update_user": null,
  "update_date": null
} {
  "id": 4498,
  "customer_id": 53,
  "customer_name": "Power Track",
  "company_name": "Jack Cooper CT Services",
  "invoice_number": "59813",
  "description": "4498 Commercial Vehicles from Parking Lot to Train",
  "source_type_id": 2,
  "source_type_code": "M",
  "company_currency_type_id": 1,
  "company_currency_type_code": "USD",
  "company_amount": 1004.5000,
  "customer_currency_type_id": 2,
  "customer_currency_type_code": "CAN",
  "customer_amount": 1239.1967,
  "due_date": "2017-08-28T22:02:44.94",
  "due_date_time_zone": "CST",
  "is_prepaid": 0,
  "expiration_date": null,
  "expiration_time_zone": "CST",
  "currency_calculation_id": 4498,
  "hedge_date": null,
  "close_date": null,
  "create_user": 1,
  "create_date": "2017-10-02T08:01:18.01",
  "update_user": null,
  "update_date": null
} {
  "id": 4612,
  "customer_id": 59,
  "customer_name": "Power Track",
  "company_name": "Jack Cooper CT Services",
  "invoice_number": "50135",
  "description": "4612 Van(s) moved from Plant to Parking Lot",
  "source_type_id": 1,
  "source_type_code": "O",
  "company_currency_type_id": 1,
  "company_currency_type_code": "USD",
  "company_amount": 1004.6100,
  "customer_currency_type_id": 2,
  "customer_currency_type_code": "CAN",
  "customer_amount": 1239.3324,
  "due_date": "2017-08-28T22:02:44.94",
  "due_date_time_zone": "CST",
  "is_prepaid": 0,
  "expiration_date": null,
  "expiration_time_zone": "CST",
  "currency_calculation_id": 4612,
  "hedge_date": "2017-05-11T21:11:50.37",
  "close_date": null,
  "create_user": 1,
  "create_date": "2017-05-11T21:11:50.37",
  "update_user": null,
  "update_date": null
} {
  "id": 4665,
  "customer_id": 59,
  "customer_name": "Power Track",
  "company_name": "Jack Cooper CT Services",
  "invoice_number": "44598",
  "description": "4665 Car(s) moved from Plant to Parking Lot",
  "source_type_id": 3,
  "source_type_code": "D",
  "company_currency_type_id": 1,
  "company_currency_type_code": "USD",
  "company_amount": 1004.6700,
  "customer_currency_type_id": 2,
  "customer_currency_type_code": "CAN",
  "customer_amount": 1239.4065,
  "due_date": "2017-08-28T22:02:44.94",
  "due_date_time_zone": "CST",
  "is_prepaid": 0,
  "expiration_date": null,
  "expiration_time_zone": "CST",
  "currency_calculation_id": 4665,
  "hedge_date": "2017-03-23T15:58:54.97",
  "close_date": null,
  "create_user": 1,
  "create_date": "2017-03-23T15:58:54.97",
  "update_user": null,
  "update_date": null
} {
  "id": 4685,
  "customer_id": 59,
  "customer_name": "Power Track",
  "company_name": "Jack Cooper CT Services",
  "invoice_number": "76813",
  "description": "4685 Car(s) moved from Plant to Parking Lot",
  "source_type_id": 3,
  "source_type_code": "D",
  "company_currency_type_id": 1,
  "company_currency_type_code": "USD",
  "company_amount": 1004.6900,
  "customer_currency_type_id": 2,
  "customer_currency_type_code": "CAN",
  "customer_amount": 1239.4311,
  "due_date": "2017-08-28T22:02:44.94",
  "due_date_time_zone": "CST",
  "is_prepaid": 0,
  "expiration_date": null,
  "expiration_time_zone": "CST",
  "currency_calculation_id": 4685,
  "hedge_date": "2017-11-03T06:02:45.48",
  "close_date": null,
  "create_user": 1,
  "create_date": "2017-11-03T06:02:45.48",
  "update_user": null,
  "update_date": null
} {
  "id": 4781,
  "customer_id": 53,
  "customer_name": "Power Track",
  "company_name": "Jack Cooper CT Services",
  "invoice_number": "13286",
  "description": "4781 Truck(s) moved from Plant to Parking Lot",
  "source_type_id": 2,
  "source_type_code": "M",
  "company_currency_type_id": 1,
  "company_currency_type_code": "USD",
  "company_amount": 1004.7800,
  "customer_currency_type_id": 2,
  "customer_currency_type_code": "CAN",
  "customer_amount": 1239.5422,
  "due_date": "2017-08-28T22:02:44.94",
  "due_date_time_zone": "CST",
  "is_prepaid": 0,
  "expiration_date": null,
  "expiration_time_zone": "CST",
  "currency_calculation_id": 4781,
  "hedge_date": "2017-01-31T14:12:20.05",
  "close_date": null,
  "create_user": 1,
  "create_date": "2017-01-31T14:12:20.05",
  "update_user": null,
  "update_date": null
} {
  "id": 4966,
  "customer_id": 59,
  "customer_name": "Power Track",
  "company_name": "Jack Cooper CT Services",
  "invoice_number": "03818",
  "description": "4966 Truck(s) moved from Plant to Parking Lot",
  "source_type_id": 2,
  "source_type_code": "M",
  "company_currency_type_id": 1,
  "company_currency_type_code": "USD",
  "company_amount": 1004.9700,
  "customer_currency_type_id": 2,
  "customer_currency_type_code": "CAN",
  "customer_amount": 1239.7765,
  "due_date": "2017-08-28T22:02:44.94",
  "due_date_time_zone": "CST",
  "is_prepaid": 0,
  "expiration_date": null,
  "expiration_time_zone": "CST",
  "currency_calculation_id": 4966,
  "hedge_date": "2017-01-08T04:00:04.64",
  "close_date": null,
  "create_user": 1,
  "create_date": "2017-01-08T04:00:04.64",
  "update_user": null,
  "update_date": null
} {
  "id": 5012,
  "customer_id": 59,
  "customer_name": "Power Track",
  "company_name": "Jack Cooper CT Services",
  "invoice_number": "03094",
  "description": "5012 Van(s) moved from Plant to Parking Lot",
  "source_type_id": 1,
  "source_type_code": "O",
  "company_currency_type_id": 1,
  "company_currency_type_code": "USD",
  "company_amount": 1005.0100,
  "customer_currency_type_id": 2,
  "customer_currency_type_code": "CAN",
  "customer_amount": 1239.8259,
  "due_date": "2017-08-28T22:02:44.94",
  "due_date_time_zone": "CST",
  "is_prepaid": 0,
  "expiration_date": null,
  "expiration_time_zone": "CST",
  "currency_calculation_id": 5012,
  "hedge_date": "2017-01-01T21:01:17.49",
  "close_date": null,
  "create_user": 1,
  "create_date": "2017-01-01T21:01:17.49",
  "update_user": null,
  "update_date": null
} {
  "id": 5077,
  "customer_id": 53,
  "customer_name": "Power Track",
  "company_name": "Jack Cooper CT Services",
  "invoice_number": "04240",
  "description": "5077 Van(s) moved from Plant to Parking Lot",
  "source_type_id": 3,
  "source_type_code": "D",
  "company_currency_type_id": 1,
  "company_currency_type_code": "USD",
  "company_amount": 1005.0800,
  "customer_currency_type_id": 2,
  "customer_currency_type_code": "CAN",
  "customer_amount": 1239.9122,
  "due_date": "2017-08-28T22:02:44.94",
  "due_date_time_zone": "CST",
  "is_prepaid": 0,
  "expiration_date": null,
  "expiration_time_zone": "CST",
  "currency_calculation_id": 5077,
  "hedge_date": "2017-04-27T16:04:10.05",
  "close_date": null,
  "create_user": 1,
  "create_date": "2017-04-27T16:04:10.05",
  "update_user": null,
  "update_date": null
} {
  "id": 5084,
  "customer_id": 53,
  "customer_name": "Power Track",
  "company_name": "Jack Cooper CT Services",
  "invoice_number": "42018",
  "description": "5084 Non-Commercial Vehicles from Parking Lot to Train",
  "source_type_id": 1,
  "source_type_code": "O",
  "company_currency_type_id": 1,
  "company_currency_type_code": "USD",
  "company_amount": 1005.0800,
  "customer_currency_type_id": 2,
  "customer_currency_type_code": "CAN",
  "customer_amount": 1239.9122,
  "due_date": "2017-08-28T22:02:44.94",
  "due_date_time_zone": "CST",
  "is_prepaid": 0,
  "expiration_date": null,
  "expiration_time_zone": "CST",
  "currency_calculation_id": 5084,
  "hedge_date": null,
  "close_date": null,
  "create_user": 1,
  "create_date": "2017-07-10T01:20:22.5",
  "update_user": null,
  "update_date": null
} {
  "id": 5329,
  "customer_id": 59,
  "customer_name": "Power Track",
  "company_name": "Jack Cooper CT Services",
  "invoice_number": "78737",
  "description": "5329 Non-Commercial Vehicles from Parking Lot to Train",
  "source_type_id": 3,
  "source_type_code": "D",
  "company_currency_type_id": 1,
  "company_currency_type_code": "USD",
  "company_amount": 1005.3300,
  "customer_currency_type_id": 2,
  "customer_currency_type_code": "CAN",
  "customer_amount": 1240.2207,
  "due_date": "2017-08-28T22:02:44.94",
  "due_date_time_zone": "CST",
  "is_prepaid": 0,
  "expiration_date": null,
  "expiration_time_zone": "CST",
  "currency_calculation_id": 5329,
  "hedge_date": "2017-12-01T00:57:44.84",
  "close_date": null,
  "create_user": 1,
  "create_date": "2017-12-01T00:57:44.84",
  "update_user": null,
  "update_date": null
} {
  "id": 5469,
  "customer_id": 53,
  "customer_name": "Power Track",
  "company_name": "Jack Cooper CT Services",
  "invoice_number": "41688",
  "description": "5469 Non-Commercial Vehicles from Parking Lot to Train",
  "source_type_id": 3,
  "source_type_code": "D",
  "company_currency_type_id": 1,
  "company_currency_type_code": "USD",
  "company_amount": 1005.4700,
  "customer_currency_type_id": 2,
  "customer_currency_type_code": "CAN",
  "customer_amount": 1240.3934,
  "due_date": "2017-08-28T22:02:44.94",
  "due_date_time_zone": "CST",
  "is_prepaid": 0,
  "expiration_date": null,
  "expiration_time_zone": "CST",
  "currency_calculation_id": 5469,
  "hedge_date": "2017-05-16T11:11:31.13",
  "close_date": null,
  "create_user": 1,
  "create_date": "2017-05-16T11:11:31.13",
  "update_user": null,
  "update_date": null
} {
  "id": 5482,
  "customer_id": 53,
  "customer_name": "Power Track",
  "company_name": "Jack Cooper CT Services",
  "invoice_number": "41414",
  "description": "5482 Van(s) moved from Plant to Parking Lot",
  "source_type_id": 1,
  "source_type_code": "O",
  "company_currency_type_id": 1,
  "company_currency_type_code": "USD",
  "company_amount": 1005.4800,
  "customer_currency_type_id": 2,
  "customer_currency_type_code": "CAN",
  "customer_amount": 1240.4057,
  "due_date": "2017-08-28T22:02:44.94",
  "due_date_time_zone": "CST",
  "is_prepaid": 0,
  "expiration_date": null,
  "expiration_time_zone": "CST",
  "currency_calculation_id": 5482,
  "hedge_date": "2017-12-13T11:32:10.27",
  "close_date": null,
  "create_user": 1,
  "create_date": "2017-12-13T11:32:10.27",
  "update_user": null,
  "update_date": null
} {
  "id": 5541,
  "customer_id": 53,
  "customer_name": "Power Track",
  "company_name": "Jack Cooper CT Services",
  "invoice_number": "00252",
  "description": "5541 Truck(s) moved from Plant to Parking Lot",
  "source_type_id": 1,
  "source_type_code": "O",
  "company_currency_type_id": 1,
  "company_currency_type_code": "USD",
  "company_amount": 1005.5400,
  "customer_currency_type_id": 2,
  "customer_currency_type_code": "CAN",
  "customer_amount": 1240.4797,
  "due_date": "2017-08-28T22:02:44.94",
  "due_date_time_zone": "CST",
  "is_prepaid": 0,
  "expiration_date": null,
  "expiration_time_zone": "CST",
  "currency_calculation_id": 5541,
  "hedge_date": "2017-08-31T21:32:22.97",
  "close_date": null,
  "create_user": 1,
  "create_date": "2017-08-31T21:32:22.97",
  "update_user": null,
  "update_date": null
} {
  "id": 5574,
  "customer_id": 53,
  "customer_name": "Power Track",
  "company_name": "Jack Cooper CT Services",
  "invoice_number": "51483",
  "description": "5574 Non-Commercial Vehicles from Parking Lot to Train",
  "source_type_id": 3,
  "source_type_code": "D",
  "company_currency_type_id": 1,
  "company_currency_type_code": "USD",
  "company_amount": 1005.5700,
  "customer_currency_type_id": 2,
  "customer_currency_type_code": "CAN",
  "customer_amount": 1240.5167,
  "due_date": "2017-08-28T22:02:44.94",
  "due_date_time_zone": "CST",
  "is_prepaid": 0,
  "expiration_date": null,
  "expiration_time_zone": "CST",
  "currency_calculation_id": 5574,
  "hedge_date": "2017-10-10T10:55:02.35",
  "close_date": null,
  "create_user": 1,
  "create_date": "2017-10-10T10:55:02.35",
  "update_user": null,
  "update_date": null
} {
  "id": 5656,
  "customer_id": 59,
  "customer_name": "Power Track",
  "company_name": "Jack Cooper CT Services",
  "invoice_number": "02135",
  "description": "5656 Truck(s) moved from Plant to Parking Lot",
  "source_type_id": 3,
  "source_type_code": "D",
  "company_currency_type_id": 1,
  "company_currency_type_code": "USD",
  "company_amount": 1005.6600,
  "customer_currency_type_id": 2,
  "customer_currency_type_code": "CAN",
  "customer_amount": 1240.6278,
  "due_date": "2017-08-28T22:02:44.94",
  "due_date_time_zone": "CST",
  "is_prepaid": 0,
  "expiration_date": null,
  "expiration_time_zone": "CST",
  "currency_calculation_id": 5656,
  "hedge_date": "2017-05-03T22:12:51.05",
  "close_date": null,
  "create_user": 1,
  "create_date": "2017-05-03T22:12:51.05",
  "update_user": null,
  "update_date": null
} {
  "id": 5687,
  "customer_id": 59,
  "customer_name": "Power Track",
  "company_name": "Jack Cooper CT Services",
  "invoice_number": "49308",
  "description": "5687 Van(s) moved from Plant to Parking Lot",
  "source_type_id": 3,
  "source_type_code": "D",
  "company_currency_type_id": 1,
  "company_currency_type_code": "USD",
  "company_amount": 1005.6900,
  "customer_currency_type_id": 2,
  "customer_currency_type_code": "CAN",
  "customer_amount": 1240.6648,
  "due_date": "2017-08-28T22:02:44.94",
  "due_date_time_zone": "CST",
  "is_prepaid": 0,
  "expiration_date": null,
  "expiration_time_zone": "CST",
  "currency_calculation_id": 5687,
  "hedge_date": "2017-03-25T23:44:19.18",
  "close_date": null,
  "create_user": 1,
  "create_date": "2017-03-25T23:44:19.18",
  "update_user": null,
  "update_date": null
} {
  "id": 5719,
  "customer_id": 53,
  "customer_name": "Power Track",
  "company_name": "Jack Cooper CT Services",
  "invoice_number": "55344",
  "description": "5719 Non-Commercial Vehicles from Parking Lot to Train",
  "source_type_id": 2,
  "source_type_code": "M",
  "company_currency_type_id": 1,
  "company_currency_type_code": "USD",
  "company_amount": 1005.7200,
  "customer_currency_type_id": 2,
  "customer_currency_type_code": "CAN",
  "customer_amount": 1240.7018,
  "due_date": "2017-08-28T22:02:44.94",
  "due_date_time_zone": "CST",
  "is_prepaid": 0,
  "expiration_date": null,
  "expiration_time_zone": "CST",
  "currency_calculation_id": 5719,
  "hedge_date": null,
  "close_date": null,
  "create_user": 1,
  "create_date": "2017-01-19T20:07:00.69",
  "update_user": null,
  "update_date": null
} {
  "id": 5771,
  "customer_id": 53,
  "customer_name": "Power Track",
  "company_name": "Jack Cooper CT Services",
  "invoice_number": "78437",
  "description": "5771 Truck(s) moved from Plant to Parking Lot",
  "source_type_id": 3,
  "source_type_code": "D",
  "company_currency_type_id": 1,
  "company_currency_type_code": "USD",
  "company_amount": 1005.7700,
  "customer_currency_type_id": 2,
  "customer_currency_type_code": "CAN",
  "customer_amount": 1240.7635,
  "due_date": "2017-08-28T22:02:44.94",
  "due_date_time_zone": "CST",
  "is_prepaid": 0,
  "expiration_date": null,
  "expiration_time_zone": "CST",
  "currency_calculation_id": 5771,
  "hedge_date": "2017-03-03T18:09:47.15",
  "close_date": null,
  "create_user": 1,
  "create_date": "2017-03-03T18:09:47.15",
  "update_user": null,
  "update_date": null
} {
  "id": 5790,
  "customer_id": 53,
  "customer_name": "Power Track",
  "company_name": "Jack Cooper CT Services",
  "invoice_number": "79549",
  "description": "5790 Car(s) moved from Plant to Parking Lot",
  "source_type_id": 2,
  "source_type_code": "M",
  "company_currency_type_id": 1,
  "company_currency_type_code": "USD",
  "company_amount": 1005.7900,
  "customer_currency_type_id": 2,
  "customer_currency_type_code": "CAN",
  "customer_amount": 1240.7881,
  "due_date": null,
  "due_date_time_zone": "CST",
  "is_prepaid": 1,
  "expiration_date": "2017-08-28T22:02:44.943",
  "expiration_time_zone": "CST",
  "currency_calculation_id": 5790,
  "hedge_date": "2017-07-12T17:58:07.42",
  "close_date": null,
  "create_user": 1,
  "create_date": "2017-07-12T17:58:07.42",
  "update_user": null,
  "update_date": null
} {
  "id": 5794,
  "customer_id": 59,
  "customer_name": "Power Track",
  "company_name": "Jack Cooper CT Services",
  "invoice_number": "91119",
  "description": "5794 Non-Commercial Vehicles from Parking Lot to Train",
  "source_type_id": 1,
  "source_type_code": "O",
  "company_currency_type_id": 1,
  "company_currency_type_code": "USD",
  "company_amount": 1005.7900,
  "customer_currency_type_id": 2,
  "customer_currency_type_code": "CAN",
  "customer_amount": 1240.7881,
  "due_date": "2017-08-28T22:02:44.94",
  "due_date_time_zone": "CST",
  "is_prepaid": 0,
  "expiration_date": null,
  "expiration_time_zone": "CST",
  "currency_calculation_id": 5794,
  "hedge_date": "2017-06-08T05:22:12.33",
  "close_date": null,
  "create_user": 1,
  "create_date": "2017-06-08T05:22:12.33",
  "update_user": null,
  "update_date": null
} {
  "id": 6026,
  "customer_id": 53,
  "customer_name": "Power Track",
  "company_name": "Jack Cooper CT Services",
  "invoice_number": "32623",
  "description": "6026 Truck(s) moved from Plant to Parking Lot",
  "source_type_id": 2,
  "source_type_code": "M",
  "company_currency_type_id": 1,
  "company_currency_type_code": "USD",
  "company_amount": 1006.0300,
  "customer_currency_type_id": 2,
  "customer_currency_type_code": "CAN",
  "customer_amount": 1241.0842,
  "due_date": "2017-08-28T22:02:44.94",
  "due_date_time_zone": "CST",
  "is_prepaid": 0,
  "expiration_date": null,
  "expiration_time_zone": "CST",
  "currency_calculation_id": 6026,
  "hedge_date": "2017-07-31T11:17:14.8",
  "close_date": null,
  "create_user": 1,
  "create_date": "2017-07-31T11:17:14.8",
  "update_user": null,
  "update_date": null
} {
  "id": 6031,
  "customer_id": 59,
  "customer_name": "Power Track",
  "company_name": "Jack Cooper CT Services",
  "invoice_number": "82918",
  "description": "6031 Truck(s) moved from Plant to Parking Lot",
  "source_type_id": 3,
  "source_type_code": "D",
  "company_currency_type_id": 1,
  "company_currency_type_code": "USD",
  "company_amount": 1006.0300,
  "customer_currency_type_id": 2,
  "customer_currency_type_code": "CAN",
  "customer_amount": 1241.0842,
  "due_date": "2017-08-28T22:02:44.94",
  "due_date_time_zone": "CST",
  "is_prepaid": 0,
  "expiration_date": null,
  "expiration_time_zone": "CST",
  "currency_calculation_id": 6031,
  "hedge_date": "2017-01-28T21:06:29.2",
  "close_date": null,
  "create_user": 1,
  "create_date": "2017-01-28T21:06:29.2",
  "update_user": null,
  "update_date": null
} {
  "id": 6038,
  "customer_id": 53,
  "customer_name": "Power Track",
  "company_name": "Jack Cooper CT Services",
  "invoice_number": "36796",
  "description": "6038 Commercial Vehicles from Parking Lot to Train",
  "source_type_id": 1,
  "source_type_code": "O",
  "company_currency_type_id": 1,
  "company_currency_type_code": "USD",
  "company_amount": 1006.0400,
  "customer_currency_type_id": 2,
  "customer_currency_type_code": "CAN",
  "customer_amount": 1241.0965,
  "due_date": "2017-08-28T22:02:44.94",
  "due_date_time_zone": "CST",
  "is_prepaid": 0,
  "expiration_date": null,
  "expiration_time_zone": "CST",
  "currency_calculation_id": 6038,
  "hedge_date": "2017-11-18T08:56:04.62",
  "close_date": null,
  "create_user": 1,
  "create_date": "2017-11-18T08:56:04.62",
  "update_user": null,
  "update_date": null
} {
  "id": 6080,
  "customer_id": 53,
  "customer_name": "Power Track",
  "company_name": "Jack Cooper CT Services",
  "invoice_number": "70362",
  "description": "6080 Car(s) moved from Plant to Parking Lot",
  "source_type_id": 2,
  "source_type_code": "M",
  "company_currency_type_id": 1,
  "company_currency_type_code": "USD",
  "company_amount": 1006.0800,
  "customer_currency_type_id": 2,
  "customer_currency_type_code": "CAN",
  "customer_amount": 1241.1459,
  "due_date": null,
  "due_date_time_zone": "CST",
  "is_prepaid": 1,
  "expiration_date": "2017-08-28T22:02:44.943",
  "expiration_time_zone": "CST",
  "currency_calculation_id": 6080,
  "hedge_date": "2017-04-29T20:19:13.66",
  "close_date": null,
  "create_user": 1,
  "create_date": "2017-04-29T20:19:13.66",
  "update_user": null,
  "update_date": null
} {
  "id": 6418,
  "customer_id": 53,
  "customer_name": "Power Track",
  "company_name": "Jack Cooper CT Services",
  "invoice_number": "44574",
  "description": "6418 Commercial Vehicles from Parking Lot to Train",
  "source_type_id": 1,
  "source_type_code": "O",
  "company_currency_type_id": 1,
  "company_currency_type_code": "USD",
  "company_amount": 1006.4200,
  "customer_currency_type_id": 2,
  "customer_currency_type_code": "CAN",
  "customer_amount": 1241.5653,
  "due_date": "2017-08-28T22:02:44.94",
  "due_date_time_zone": "CST",
  "is_prepaid": 0,
  "expiration_date": null,
  "expiration_time_zone": "CST",
  "currency_calculation_id": 6418,
  "hedge_date": null,
  "close_date": null,
  "create_user": 1,
  "create_date": "2017-12-02T15:50:34.61",
  "update_user": null,
  "update_date": null
} {
  "id": 6643,
  "customer_id": 59,
  "customer_name": "Power Track",
  "company_name": "Jack Cooper CT Services",
  "invoice_number": "70229",
  "description": "6643 Commercial Vehicles from Parking Lot to Train",
  "source_type_id": 2,
  "source_type_code": "M",
  "company_currency_type_id": 1,
  "company_currency_type_code": "USD",
  "company_amount": 1006.6400,
  "customer_currency_type_id": 2,
  "customer_currency_type_code": "CAN",
  "customer_amount": 1241.8367,
  "due_date": "2017-08-28T22:02:44.94",
  "due_date_time_zone": "CST",
  "is_prepaid": 0,
  "expiration_date": null,
  "expiration_time_zone": "CST",
  "currency_calculation_id": 6643,
  "hedge_date": "2017-08-12T19:44:06.33",
  "close_date": null,
  "create_user": 1,
  "create_date": "2017-08-12T19:44:06.33",
  "update_user": null,
  "update_date": null
} {
  "id": 7069,
  "customer_id": 53,
  "customer_name": "Power Track",
  "company_name": "Jack Cooper CT Services",
  "invoice_number": "82408",
  "description": "7069 Non-Commercial Vehicles from Parking Lot to Train",
  "source_type_id": 2,
  "source_type_code": "M",
  "company_currency_type_id": 1,
  "company_currency_type_code": "USD",
  "company_amount": 1007.0700,
  "customer_currency_type_id": 2,
  "customer_currency_type_code": "CAN",
  "customer_amount": 1242.3672,
  "due_date": "2017-08-28T22:02:44.94",
  "due_date_time_zone": "CST",
  "is_prepaid": 0,
  "expiration_date": null,
  "expiration_time_zone": "CST",
  "currency_calculation_id": 7069,
  "hedge_date": "2017-09-13T11:36:19.84",
  "close_date": null,
  "create_user": 1,
  "create_date": "2017-09-13T11:36:19.84",
  "update_user": null,
  "update_date": null
} {
  "id": 7161,
  "customer_id": 59,
  "customer_name": "Power Track",
  "company_name": "Jack Cooper CT Services",
  "invoice_number": "94323",
  "description": "7161 Truck(s) moved from Plant to Parking Lot",
  "source_type_id": 1,
  "source_type_code": "O",
  "company_currency_type_id": 1,
  "company_currency_type_code": "USD",
  "company_amount": 1007.1600,
  "customer_currency_type_id": 2,
  "customer_currency_type_code": "CAN",
  "customer_amount": 1242.4782,
  "due_date": "2017-08-28T22:02:44.94",
  "due_date_time_zone": "CST",
  "is_prepaid": 0,
  "expiration_date": null,
  "expiration_time_zone": "CST",
  "currency_calculation_id": 7161,
  "hedge_date": null,
  "close_date": null,
  "create_user": 1,
  "create_date": "2017-03-28T07:41:03.33",
  "update_user": null,
  "update_date": null
} {
  "id": 7272,
  "customer_id": 53,
  "customer_name": "Power Track",
  "company_name": "Jack Cooper CT Services",
  "invoice_number": "88242",
  "description": "7272 Van(s) moved from Plant to Parking Lot",
  "source_type_id": 3,
  "source_type_code": "D",
  "company_currency_type_id": 1,
  "company_currency_type_code": "USD",
  "company_amount": 1007.2700,
  "customer_currency_type_id": 2,
  "customer_currency_type_code": "CAN",
  "customer_amount": 1242.6139,
  "due_date": "2017-08-28T22:02:44.94",
  "due_date_time_zone": "CST",
  "is_prepaid": 0,
  "expiration_date": null,
  "expiration_time_zone": "CST",
  "currency_calculation_id": 7272,
  "hedge_date": "2017-08-22T06:38:52.98",
  "close_date": null,
  "create_user": 1,
  "create_date": "2017-08-22T06:38:52.98",
  "update_user": null,
  "update_date": null
} {
  "id": 7356,
  "customer_id": 59,
  "customer_name": "Power Track",
  "company_name": "Jack Cooper CT Services",
  "invoice_number": "11514",
  "description": "7356 Truck(s) moved from Plant to Parking Lot",
  "source_type_id": 3,
  "source_type_code": "D",
  "company_currency_type_id": 1,
  "company_currency_type_code": "USD",
  "company_amount": 1007.3600,
  "customer_currency_type_id": 2,
  "customer_currency_type_code": "CAN",
  "customer_amount": 1242.7250,
  "due_date": "2017-08-28T22:02:44.94",
  "due_date_time_zone": "CST",
  "is_prepaid": 0,
  "expiration_date": null,
  "expiration_time_zone": "CST",
  "currency_calculation_id": 7356,
  "hedge_date": "2017-09-02T12:08:06.98",
  "close_date": null,
  "create_user": 1,
  "create_date": "2017-09-02T12:08:06.98",
  "update_user": null,
  "update_date": null
} {
  "id": 7404,
  "customer_id": 53,
  "customer_name": "Power Track",
  "company_name": "Jack Cooper CT Services",
  "invoice_number": "08749",
  "description": "7404 Non-Commercial Vehicles from Parking Lot to Train",
  "source_type_id": 1,
  "source_type_code": "O",
  "company_currency_type_id": 1,
  "company_currency_type_code": "USD",
  "company_amount": 1007.4000,
  "customer_currency_type_id": 2,
  "customer_currency_type_code": "CAN",
  "customer_amount": 1242.7743,
  "due_date": "2017-08-28T22:02:44.94",
  "due_date_time_zone": "CST",
  "is_prepaid": 0,
  "expiration_date": null,
  "expiration_time_zone": "CST",
  "currency_calculation_id": 7404,
  "hedge_date": "2017-06-17T15:34:58.59",
  "close_date": null,
  "create_user": 1,
  "create_date": "2017-06-17T15:34:58.59",
  "update_user": null,
  "update_date": null
} {
  "id": 7430,
  "customer_id": 59,
  "customer_name": "Power Track",
  "company_name": "Jack Cooper CT Services",
  "invoice_number": "80945",
  "description": "7430 Car(s) moved from Plant to Parking Lot",
  "source_type_id": 2,
  "source_type_code": "M",
  "company_currency_type_id": 1,
  "company_currency_type_code": "USD",
  "company_amount": 1007.4300,
  "customer_currency_type_id": 2,
  "customer_currency_type_code": "CAN",
  "customer_amount": 1242.8113,
  "due_date": null,
  "due_date_time_zone": "CST",
  "is_prepaid": 1,
  "expiration_date": "2017-08-28T22:02:44.943",
  "expiration_time_zone": "CST",
  "currency_calculation_id": 7430,
  "hedge_date": "2017-11-03T19:43:15.91",
  "close_date": null,
  "create_user": 1,
  "create_date": "2017-11-03T19:43:15.91",
  "update_user": null,
  "update_date": null
} {
  "id": 7472,
  "customer_id": 53,
  "customer_name": "Power Track",
  "company_name": "Jack Cooper CT Services",
  "invoice_number": "66054",
  "description": "7472 Van(s) moved from Plant to Parking Lot",
  "source_type_id": 2,
  "source_type_code": "M",
  "company_currency_type_id": 1,
  "company_currency_type_code": "USD",
  "company_amount": 1007.4700,
  "customer_currency_type_id": 2,
  "customer_currency_type_code": "CAN",
  "customer_amount": 1242.8607,
  "due_date": "2017-08-28T22:02:44.94",
  "due_date_time_zone": "CST",
  "is_prepaid": 0,
  "expiration_date": null,
  "expiration_time_zone": "CST",
  "currency_calculation_id": 7472,
  "hedge_date": "2017-01-14T10:09:34.28",
  "close_date": null,
  "create_user": 1,
  "create_date": "2017-01-14T10:09:34.28",
  "update_user": null,
  "update_date": null
} {
  "id": 7541,
  "customer_id": 53,
  "customer_name": "Power Track",
  "company_name": "Jack Cooper CT Services",
  "invoice_number": "33443",
  "description": "7541 Truck(s) moved from Plant to Parking Lot",
  "source_type_id": 2,
  "source_type_code": "M",
  "company_currency_type_id": 1,
  "company_currency_type_code": "USD",
  "company_amount": 1007.5400,
  "customer_currency_type_id": 2,
  "customer_currency_type_code": "CAN",
  "customer_amount": 1242.9470,
  "due_date": "2017-08-28T22:02:44.94",
  "due_date_time_zone": "CST",
  "is_prepaid": 0,
  "expiration_date": null,
  "expiration_time_zone": "CST",
  "currency_calculation_id": 7541,
  "hedge_date": "2017-02-07T08:30:30.12",
  "close_date": null,
  "create_user": 1,
  "create_date": "2017-02-07T08:30:30.12",
  "update_user": null,
  "update_date": null
} {
  "id": 7604,
  "customer_id": 53,
  "customer_name": "Power Track",
  "company_name": "Jack Cooper CT Services",
  "invoice_number": "46613",
  "description": "7604 Non-Commercial Vehicles from Parking Lot to Train",
  "source_type_id": 1,
  "source_type_code": "O",
  "company_currency_type_id": 1,
  "company_currency_type_code": "USD",
  "company_amount": 1007.6000,
  "customer_currency_type_id": 2,
  "customer_currency_type_code": "CAN",
  "customer_amount": 1243.0210,
  "due_date": "2017-08-28T22:02:44.94",
  "due_date_time_zone": "CST",
  "is_prepaid": 0,
  "expiration_date": null,
  "expiration_time_zone": "CST",
  "currency_calculation_id": 7604,
  "hedge_date": null,
  "close_date": null,
  "create_user": 1,
  "create_date": "2017-05-01T20:52:19.11",
  "update_user": null,
  "update_date": null
} {
  "id": 7680,
  "customer_id": 53,
  "customer_name": "Power Track",
  "company_name": "Jack Cooper CT Services",
  "invoice_number": "39907",
  "description": "7680 Car(s) moved from Plant to Parking Lot",
  "source_type_id": 3,
  "source_type_code": "D",
  "company_currency_type_id": 1,
  "company_currency_type_code": "USD",
  "company_amount": 1007.6800,
  "customer_currency_type_id": 2,
  "customer_currency_type_code": "CAN",
  "customer_amount": 1243.1197,
  "due_date": null,
  "due_date_time_zone": "CST",
  "is_prepaid": 1,
  "expiration_date": "2017-08-28T22:02:44.943",
  "expiration_time_zone": "CST",
  "currency_calculation_id": 7680,
  "hedge_date": "2017-07-08T06:38:02.36",
  "close_date": null,
  "create_user": 1,
  "create_date": "2017-07-08T06:38:02.36",
  "update_user": null,
  "update_date": null
} {
  "id": 7847,
  "customer_id": 59,
  "customer_name": "Power Track",
  "company_name": "Jack Cooper CT Services",
  "invoice_number": "02993",
  "description": "7847 Van(s) moved from Plant to Parking Lot",
  "source_type_id": 1,
  "source_type_code": "O",
  "company_currency_type_id": 1,
  "company_currency_type_code": "USD",
  "company_amount": 1007.8500,
  "customer_currency_type_id": 2,
  "customer_currency_type_code": "CAN",
  "customer_amount": 1243.3294,
  "due_date": "2017-08-28T22:02:44.94",
  "due_date_time_zone": "CST",
  "is_prepaid": 0,
  "expiration_date": null,
  "expiration_time_zone": "CST",
  "currency_calculation_id": 7847,
  "hedge_date": null,
  "close_date": null,
  "create_user": 1,
  "create_date": "2017-12-17T16:07:42.66",
  "update_user": null,
  "update_date": null
} {
  "id": 7894,
  "customer_id": 53,
  "customer_name": "Power Track",
  "company_name": "Jack Cooper CT Services",
  "invoice_number": "15887",
  "description": "7894 Non-Commercial Vehicles from Parking Lot to Train",
  "source_type_id": 1,
  "source_type_code": "O",
  "company_currency_type_id": 1,
  "company_currency_type_code": "USD",
  "company_amount": 1007.8900,
  "customer_currency_type_id": 2,
  "customer_currency_type_code": "CAN",
  "customer_amount": 1243.3788,
  "due_date": "2017-08-28T22:02:44.94",
  "due_date_time_zone": "CST",
  "is_prepaid": 0,
  "expiration_date": null,
  "expiration_time_zone": "CST",
  "currency_calculation_id": 7894,
  "hedge_date": "2017-01-22T07:08:47.19",
  "close_date": null,
  "create_user": 1,
  "create_date": "2017-01-22T07:08:47.19",
  "update_user": null,
  "update_date": null
} {
  "id": 7974,
  "customer_id": 59,
  "customer_name": "Power Track",
  "company_name": "Jack Cooper CT Services",
  "invoice_number": "55135",
  "description": "7974 Non-Commercial Vehicles from Parking Lot to Train",
  "source_type_id": 2,
  "source_type_code": "M",
  "company_currency_type_id": 1,
  "company_currency_type_code": "USD",
  "company_amount": 1007.9700,
  "customer_currency_type_id": 2,
  "customer_currency_type_code": "CAN",
  "customer_amount": 1243.4775,
  "due_date": "2017-08-28T22:02:44.94",
  "due_date_time_zone": "CST",
  "is_prepaid": 0,
  "expiration_date": null,
  "expiration_time_zone": "CST",
  "currency_calculation_id": 7974,
  "hedge_date": "2017-05-30T23:27:19.91",
  "close_date": null,
  "create_user": 1,
  "create_date": "2017-05-30T23:27:19.91",
  "update_user": null,
  "update_date": null
} {
  "id": 8002,
  "customer_id": 59,
  "customer_name": "Power Track",
  "company_name": "Jack Cooper CT Services",
  "invoice_number": "33961",
  "description": "8002 Van(s) moved from Plant to Parking Lot",
  "source_type_id": 2,
  "source_type_code": "M",
  "company_currency_type_id": 1,
  "company_currency_type_code": "USD",
  "company_amount": 1008.0000,
  "customer_currency_type_id": 2,
  "customer_currency_type_code": "CAN",
  "customer_amount": 1243.5145,
  "due_date": "2017-08-28T22:02:44.94",
  "due_date_time_zone": "CST",
  "is_prepaid": 0,
  "expiration_date": null,
  "expiration_time_zone": "CST",
  "currency_calculation_id": 8002,
  "hedge_date": "2017-11-20T22:05:52.33",
  "close_date": null,
  "create_user": 1,
  "create_date": "2017-11-20T22:05:52.33",
  "update_user": null,
  "update_date": null
} {
  "id": 8243,
  "customer_id": 53,
  "customer_name": "Power Track",
  "company_name": "Jack Cooper CT Services",
  "invoice_number": "05971",
  "description": "8243 Commercial Vehicles from Parking Lot to Train",
  "source_type_id": 1,
  "source_type_code": "O",
  "company_currency_type_id": 1,
  "company_currency_type_code": "USD",
  "company_amount": 1008.2400,
  "customer_currency_type_id": 2,
  "customer_currency_type_code": "CAN",
  "customer_amount": 1243.8106,
  "due_date": "2017-08-28T22:02:44.94",
  "due_date_time_zone": "CST",
  "is_prepaid": 0,
  "expiration_date": null,
  "expiration_time_zone": "CST",
  "currency_calculation_id": 8243,
  "hedge_date": null,
  "close_date": null,
  "create_user": 1,
  "create_date": "2017-10-30T06:49:16.65",
  "update_user": null,
  "update_date": null
} {
  "id": 8256,
  "customer_id": 59,
  "customer_name": "Power Track",
  "company_name": "Jack Cooper CT Services",
  "invoice_number": "70034",
  "description": "8256 Truck(s) moved from Plant to Parking Lot",
  "source_type_id": 1,
  "source_type_code": "O",
  "company_currency_type_id": 1,
  "company_currency_type_code": "USD",
  "company_amount": 1008.2600,
  "customer_currency_type_id": 2,
  "customer_currency_type_code": "CAN",
  "customer_amount": 1243.8352,
  "due_date": "2017-08-28T22:02:44.94",
  "due_date_time_zone": "CST",
  "is_prepaid": 0,
  "expiration_date": null,
  "expiration_time_zone": "CST",
  "currency_calculation_id": 8256,
  "hedge_date": "2017-11-02T11:31:30.88",
  "close_date": null,
  "create_user": 1,
  "create_date": "2017-11-02T11:31:30.88",
  "update_user": null,
  "update_date": null
} {
  "id": 8355,
  "customer_id": 53,
  "customer_name": "Power Track",
  "company_name": "Jack Cooper CT Services",
  "invoice_number": "82484",
  "description": "8355 Car(s) moved from Plant to Parking Lot",
  "source_type_id": 1,
  "source_type_code": "O",
  "company_currency_type_id": 1,
  "company_currency_type_code": "USD",
  "company_amount": 1008.3600,
  "customer_currency_type_id": 2,
  "customer_currency_type_code": "CAN",
  "customer_amount": 1243.9586,
  "due_date": "2017-08-28T22:02:44.94",
  "due_date_time_zone": "CST",
  "is_prepaid": 0,
  "expiration_date": null,
  "expiration_time_zone": "CST",
  "currency_calculation_id": 8355,
  "hedge_date": "2017-10-09T10:34:55.97",
  "close_date": null,
  "create_user": 1,
  "create_date": "2017-10-09T10:34:55.97",
  "update_user": null,
  "update_date": null
} {
  "id": 8442,
  "customer_id": 59,
  "customer_name": "Power Track",
  "company_name": "Jack Cooper CT Services",
  "invoice_number": "51533",
  "description": "8442 Van(s) moved from Plant to Parking Lot",
  "source_type_id": 3,
  "source_type_code": "D",
  "company_currency_type_id": 1,
  "company_currency_type_code": "USD",
  "company_amount": 1008.4400,
  "customer_currency_type_id": 2,
  "customer_currency_type_code": "CAN",
  "customer_amount": 1244.0573,
  "due_date": "2017-08-28T22:02:44.94",
  "due_date_time_zone": "CST",
  "is_prepaid": 0,
  "expiration_date": null,
  "expiration_time_zone": "CST",
  "currency_calculation_id": 8442,
  "hedge_date": "2017-05-29T12:24:55.55",
  "close_date": null,
  "create_user": 1,
  "create_date": "2017-05-29T12:24:55.55",
  "update_user": null,
  "update_date": null
} {
  "id": 8598,
  "customer_id": 59,
  "customer_name": "Power Track",
  "company_name": "Jack Cooper CT Services",
  "invoice_number": "61231",
  "description": "8598 Commercial Vehicles from Parking Lot to Train",
  "source_type_id": 3,
  "source_type_code": "D",
  "company_currency_type_id": 1,
  "company_currency_type_code": "USD",
  "company_amount": 1008.6000,
  "customer_currency_type_id": 2,
  "customer_currency_type_code": "CAN",
  "customer_amount": 1244.2547,
  "due_date": "2017-08-28T22:02:44.94",
  "due_date_time_zone": "CST",
  "is_prepaid": 0,
  "expiration_date": null,
  "expiration_time_zone": "CST",
  "currency_calculation_id": 8598,
  "hedge_date": "2017-02-06T07:02:36.5",
  "close_date": null,
  "create_user": 1,
  "create_date": "2017-02-06T07:02:36.5",
  "update_user": null,
  "update_date": null
} {
  "id": 8688,
  "customer_id": 53,
  "customer_name": "Power Track",
  "company_name": "Jack Cooper CT Services",
  "invoice_number": "49813",
  "description": "8688 Commercial Vehicles from Parking Lot to Train",
  "source_type_id": 3,
  "source_type_code": "D",
  "company_currency_type_id": 1,
  "company_currency_type_code": "USD",
  "company_amount": 1008.6900,
  "customer_currency_type_id": 2,
  "customer_currency_type_code": "CAN",
  "customer_amount": 1244.3657,
  "due_date": "2017-08-28T22:02:44.94",
  "due_date_time_zone": "CST",
  "is_prepaid": 0,
  "expiration_date": null,
  "expiration_time_zone": "CST",
  "currency_calculation_id": 8688,
  "hedge_date": "2017-02-16T05:00:16.78",
  "close_date": null,
  "create_user": 1,
  "create_date": "2017-02-16T05:00:16.78",
  "update_user": null,
  "update_date": null
} {
  "id": 8847,
  "customer_id": 53,
  "customer_name": "Power Track",
  "company_name": "Jack Cooper CT Services",
  "invoice_number": "34745",
  "description": "8847 Van(s) moved from Plant to Parking Lot",
  "source_type_id": 1,
  "source_type_code": "O",
  "company_currency_type_id": 1,
  "company_currency_type_code": "USD",
  "company_amount": 1008.8500,
  "customer_currency_type_id": 2,
  "customer_currency_type_code": "CAN",
  "customer_amount": 1244.5631,
  "due_date": "2017-08-28T22:02:44.94",
  "due_date_time_zone": "CST",
  "is_prepaid": 0,
  "expiration_date": null,
  "expiration_time_zone": "CST",
  "currency_calculation_id": 8847,
  "hedge_date": "2017-09-03T01:17:14.68",
  "close_date": null,
  "create_user": 1,
  "create_date": "2017-09-03T01:17:14.68",
  "update_user": null,
  "update_date": null
} {
  "id": 9091,
  "customer_id": 59,
  "customer_name": "Power Track",
  "company_name": "Jack Cooper CT Services",
  "invoice_number": "30389",
  "description": "9091 Truck(s) moved from Plant to Parking Lot",
  "source_type_id": 1,
  "source_type_code": "O",
  "company_currency_type_id": 1,
  "company_currency_type_code": "USD",
  "company_amount": 1009.0900,
  "customer_currency_type_id": 2,
  "customer_currency_type_code": "CAN",
  "customer_amount": 1244.8592,
  "due_date": "2017-08-28T22:02:44.94",
  "due_date_time_zone": "CST",
  "is_prepaid": 0,
  "expiration_date": null,
  "expiration_time_zone": "CST",
  "currency_calculation_id": 9091,
  "hedge_date": "2017-01-01T09:45:10",
  "close_date": null,
  "create_user": 1,
  "create_date": "2017-01-01T09:45:10",
  "update_user": null,
  "update_date": null
} {
  "id": 9238,
  "customer_id": 53,
  "customer_name": "Power Track",
  "company_name": "Jack Cooper CT Services",
  "invoice_number": "67803",
  "description": "9238 Commercial Vehicles from Parking Lot to Train",
  "source_type_id": 2,
  "source_type_code": "M",
  "company_currency_type_id": 1,
  "company_currency_type_code": "USD",
  "company_amount": 1009.2400,
  "customer_currency_type_id": 2,
  "customer_currency_type_code": "CAN",
  "customer_amount": 1245.0442,
  "due_date": "2017-08-28T22:02:44.94",
  "due_date_time_zone": "CST",
  "is_prepaid": 0,
  "expiration_date": null,
  "expiration_time_zone": "CST",
  "currency_calculation_id": 9238,
  "hedge_date": "2017-08-02T01:11:01.56",
  "close_date": null,
  "create_user": 1,
  "create_date": "2017-08-02T01:11:01.56",
  "update_user": null,
  "update_date": null
} {
  "id": 9368,
  "customer_id": 59,
  "customer_name": "Power Track",
  "company_name": "Jack Cooper CT Services",
  "invoice_number": "21242",
  "description": "9368 Commercial Vehicles from Parking Lot to Train",
  "source_type_id": 1,
  "source_type_code": "O",
  "company_currency_type_id": 1,
  "company_currency_type_code": "USD",
  "company_amount": 1009.3700,
  "customer_currency_type_id": 2,
  "customer_currency_type_code": "CAN",
  "customer_amount": 1245.2046,
  "due_date": "2017-08-28T22:02:44.94",
  "due_date_time_zone": "CST",
  "is_prepaid": 0,
  "expiration_date": null,
  "expiration_time_zone": "CST",
  "currency_calculation_id": 9368,
  "hedge_date": "2017-11-13T03:00:06.68",
  "close_date": null,
  "create_user": 1,
  "create_date": "2017-11-13T03:00:06.68",
  "update_user": null,
  "update_date": null
} {
  "id": 9525,
  "customer_id": 53,
  "customer_name": "Power Track",
  "company_name": "Jack Cooper CT Services",
  "invoice_number": "54435",
  "description": "9525 Car(s) moved from Plant to Parking Lot",
  "source_type_id": 1,
  "source_type_code": "O",
  "company_currency_type_id": 1,
  "company_currency_type_code": "USD",
  "company_amount": 1009.5300,
  "customer_currency_type_id": 2,
  "customer_currency_type_code": "CAN",
  "customer_amount": 1245.4020,
  "due_date": "2017-08-28T22:02:44.94",
  "due_date_time_zone": "CST",
  "is_prepaid": 0,
  "expiration_date": null,
  "expiration_time_zone": "CST",
  "currency_calculation_id": 9525,
  "hedge_date": "2017-10-20T17:50:56.95",
  "close_date": null,
  "create_user": 1,
  "create_date": "2017-10-20T17:50:56.95",
  "update_user": null,
  "update_date": null
} {
  "id": 9736,
  "customer_id": 53,
  "customer_name": "Power Track",
  "company_name": "Jack Cooper CT Services",
  "invoice_number": "85301",
  "description": "9736 Truck(s) moved from Plant to Parking Lot",
  "source_type_id": 3,
  "source_type_code": "D",
  "company_currency_type_id": 1,
  "company_currency_type_code": "USD",
  "company_amount": 1009.7400,
  "customer_currency_type_id": 2,
  "customer_currency_type_code": "CAN",
  "customer_amount": 1245.6610,
  "due_date": "2017-08-28T22:02:44.94",
  "due_date_time_zone": "CST",
  "is_prepaid": 0,
  "expiration_date": null,
  "expiration_time_zone": "CST",
  "currency_calculation_id": 9736,
  "hedge_date": "2017-11-22T02:50:17.47",
  "close_date": null,
  "create_user": 1,
  "create_date": "2017-11-22T02:50:17.47",
  "update_user": null,
  "update_date": null
} {
  "id": 9948,
  "customer_id": 53,
  "customer_name": "Power Track",
  "company_name": "Jack Cooper CT Services",
  "invoice_number": "35012",
  "description": "9948 Commercial Vehicles from Parking Lot to Train",
  "source_type_id": 2,
  "source_type_code": "M",
  "company_currency_type_id": 1,
  "company_currency_type_code": "USD",
  "company_amount": 1009.9500,
  "customer_currency_type_id": 2,
  "customer_currency_type_code": "CAN",
  "customer_amount": 1245.9201,
  "due_date": "2017-08-28T22:02:44.94",
  "due_date_time_zone": "CST",
  "is_prepaid": 0,
  "expiration_date": null,
  "expiration_time_zone": "CST",
  "currency_calculation_id": 9948,
  "hedge_date": "2017-06-29T11:48:20.2",
  "close_date": null,
  "create_user": 1,
  "create_date": "2017-06-29T11:48:20.2",
  "update_user": null,
  "update_date": null
} {
  "id": 9950,
  "customer_id": 59,
  "customer_name": "Power Track",
  "company_name": "Jack Cooper CT Services",
  "invoice_number": "06373",
  "description": "9950 Car(s) moved from Plant to Parking Lot",
  "source_type_id": 2,
  "source_type_code": "M",
  "company_currency_type_id": 1,
  "company_currency_type_code": "USD",
  "company_amount": 1009.9500,
  "customer_currency_type_id": 2,
  "customer_currency_type_code": "CAN",
  "customer_amount": 1245.9201,
  "due_date": null,
  "due_date_time_zone": "CST",
  "is_prepaid": 1,
  "expiration_date": "2017-08-28T22:02:44.943",
  "expiration_time_zone": "CST",
  "currency_calculation_id": 9950,
  "hedge_date": null,
  "close_date": null,
  "create_user": 1,
  "create_date": "2017-10-28T14:07:03.29",
  "update_user": null,
  "update_date": null
} {
  "id": 9968,
  "customer_id": 53,
  "customer_name": "Power Track",
  "company_name": "Jack Cooper CT Services",
  "invoice_number": "71871",
  "description": "9968 Commercial Vehicles from Parking Lot to Train",
  "source_type_id": 3,
  "source_type_code": "D",
  "company_currency_type_id": 1,
  "company_currency_type_code": "USD",
  "company_amount": 1009.9700,
  "customer_currency_type_id": 2,
  "customer_currency_type_code": "CAN",
  "customer_amount": 1245.9448,
  "due_date": "2017-08-28T22:02:44.94",
  "due_date_time_zone": "CST",
  "is_prepaid": 0,
  "expiration_date": null,
  "expiration_time_zone": "CST",
  "currency_calculation_id": 9968,
  "hedge_date": "2017-09-30T05:23:34.64",
  "close_date": null,
  "create_user": 1,
  "create_date": "2017-09-30T05:23:34.64",
  "update_user": null,
  "update_date": null
} {
  "id": 9969,
  "customer_id": 59,
  "customer_name": "Power Track",
  "company_name": "Jack Cooper CT Services",
  "invoice_number": "91307",
  "description": "9969 Non-Commercial Vehicles from Parking Lot to Train",
  "source_type_id": 2,
  "source_type_code": "M",
  "company_currency_type_id": 1,
  "company_currency_type_code": "USD",
  "company_amount": 1009.9700,
  "customer_currency_type_id": 2,
  "customer_currency_type_code": "CAN",
  "customer_amount": 1245.9448,
  "due_date": "2017-08-28T22:02:44.94",
  "due_date_time_zone": "CST",
  "is_prepaid": 0,
  "expiration_date": null,
  "expiration_time_zone": "CST",
  "currency_calculation_id": 9969,
  "hedge_date": null,
  "close_date": null,
  "create_user": 1,
  "create_date": "2017-06-18T18:03:09.49",
  "update_user": null,
  "update_date": null
} {
  "id": 9971,
  "customer_id": 59,
  "customer_name": "Power Track",
  "company_name": "Jack Cooper CT Services",
  "invoice_number": "28404",
  "description": "9971 Truck(s) moved from Plant to Parking Lot",
  "source_type_id": 2,
  "source_type_code": "M",
  "company_currency_type_id": 1,
  "company_currency_type_code": "USD",
  "company_amount": 1009.9700,
  "customer_currency_type_id": 2,
  "customer_currency_type_code": "CAN",
  "customer_amount": 1245.9448,
  "due_date": "2017-08-28T22:02:44.94",
  "due_date_time_zone": "CST",
  "is_prepaid": 0,
  "expiration_date": null,
  "expiration_time_zone": "CST",
  "currency_calculation_id": 9971,
  "hedge_date": "2017-08-21T09:03:24.4",
  "close_date": null,
  "create_user": 1,
  "create_date": "2017-08-21T09:03:24.4",
  "update_user": null,
  "update_date": null
} { status: 1 }
