{
  "id": 20,
  "customer_id": 33,
  "customer_name": "Power Track",
  "company_name": "Jack Cooper Transport",
  "invoice_number": "44771",
  "description": "20 Car(s) moved from Plant to Parking Lot",
  "source_type_id": 1,
  "source_type_code": "O",
  "company_currency_type_id": 1,
  "company_currency_type_code": "USD",
  "company_amount": 1000.0200,
  "customer_currency_type_id": 2,
  "customer_currency_type_code": "CAN",
  "customer_amount": 1233.6700,
  "due_date": null,
  "due_date_time_zone": "CST",
  "is_prepaid": 1,
  "expiration_date": "2017-08-26T21:53:54.923",
  "expiration_time_zone": "CST",
  "currency_calculation_id": 20,
  "hedge_date": null,
  "close_date": null,
  "create_user": 1,
  "create_date": "2017-06-29T04:26:26.43",
  "update_user": null,
  "update_date": null
} {
  "id": 218,
  "customer_id": 33,
  "customer_name": "Power Track",
  "company_name": "Jack Cooper Transport",
  "invoice_number": "47942",
  "description": "218 Commercial Vehicles from Parking Lot to Train",
  "source_type_id": 1,
  "source_type_code": "O",
  "company_currency_type_id": 1,
  "company_currency_type_code": "USD",
  "company_amount": 1000.2200,
  "customer_currency_type_id": 2,
  "customer_currency_type_code": "CAN",
  "customer_amount": 1233.9200,
  "due_date": "2017-08-26T21:53:54.913",
  "due_date_time_zone": "CST",
  "is_prepaid": 0,
  "expiration_date": null,
  "expiration_time_zone": "CST",
  "currency_calculation_id": 218,
  "hedge_date": null,
  "close_date": null,
  "create_user": 1,
  "create_date": "2017-06-23T11:55:09.69",
  "update_user": null,
  "update_date": null
} {
  "id": 234,
  "customer_id": 49,
  "customer_name": "Power Track",
  "company_name": "Jack Cooper Transport",
  "invoice_number": "67362",
  "description": "234 Non-Commercial Vehicles from Parking Lot to Train",
  "source_type_id": 2,
  "source_type_code": "M",
  "company_currency_type_id": 1,
  "company_currency_type_code": "USD",
  "company_amount": 1000.2300,
  "customer_currency_type_id": 2,
  "customer_currency_type_code": "CAN",
  "customer_amount": 1233.9300,
  "due_date": "2017-08-26T21:53:54.913",
  "due_date_time_zone": "CST",
  "is_prepaid": 0,
  "expiration_date": null,
  "expiration_time_zone": "CST",
  "currency_calculation_id": 234,
  "hedge_date": "2017-06-27T13:18:34.2",
  "close_date": null,
  "create_user": 1,
  "create_date": "2017-06-27T13:18:34.2",
  "update_user": null,
  "update_date": null
} {
  "id": 569,
  "customer_id": 33,
  "customer_name": "Power Track",
  "company_name": "Jack Cooper Transport",
  "invoice_number": "05354",
  "description": "569 Non-Commercial Vehicles from Parking Lot to Train",
  "source_type_id": 2,
  "source_type_code": "M",
  "company_currency_type_id": 1,
  "company_currency_type_code": "USD",
  "company_amount": 1000.5700,
  "customer_currency_type_id": 2,
  "customer_currency_type_code": "CAN",
  "customer_amount": 1234.3500,
  "due_date": "2017-08-26T21:53:54.913",
  "due_date_time_zone": "CST",
  "is_prepaid": 0,
  "expiration_date": null,
  "expiration_time_zone": "CST",
  "currency_calculation_id": 569,
  "hedge_date": "2017-09-05T12:45:19.68",
  "close_date": null,
  "create_user": 1,
  "create_date": "2017-09-05T12:45:19.68",
  "update_user": null,
  "update_date": null
} {
  "id": 768,
  "customer_id": 49,
  "customer_name": "Power Track",
  "company_name": "Jack Cooper Transport",
  "invoice_number": "52399",
  "description": "768 Commercial Vehicles from Parking Lot to Train",
  "source_type_id": 1,
  "source_type_code": "O",
  "company_currency_type_id": 1,
  "company_currency_type_code": "USD",
  "company_amount": 1000.7700,
  "customer_currency_type_id": 2,
  "customer_currency_type_code": "CAN",
  "customer_amount": 1234.6000,
  "due_date": "2017-08-26T21:53:54.913",
  "due_date_time_zone": "CST",
  "is_prepaid": 0,
  "expiration_date": null,
  "expiration_time_zone": "CST",
  "currency_calculation_id": 768,
  "hedge_date": null,
  "close_date": null,
  "create_user": 1,
  "create_date": "2017-12-11T14:30:54.51",
  "update_user": null,
  "update_date": null
} {
  "id": 841,
  "customer_id": 49,
  "customer_name": "Power Track",
  "company_name": "Jack Cooper Transport",
  "invoice_number": "61541",
  "description": "841 Truck(s) moved from Plant to Parking Lot",
  "source_type_id": 1,
  "source_type_code": "O",
  "company_currency_type_id": 1,
  "company_currency_type_code": "USD",
  "company_amount": 1000.8400,
  "customer_currency_type_id": 2,
  "customer_currency_type_code": "CAN",
  "customer_amount": 1234.6900,
  "due_date": "2017-08-26T21:53:54.913",
  "due_date_time_zone": "CST",
  "is_prepaid": 0,
  "expiration_date": null,
  "expiration_time_zone": "CST",
  "currency_calculation_id": 841,
  "hedge_date": null,
  "close_date": null,
  "create_user": 1,
  "create_date": "2017-02-18T00:59:02.09",
  "update_user": null,
  "update_date": null
} {
  "id": 924,
  "customer_id": 33,
  "customer_name": "Power Track",
  "company_name": "Jack Cooper Transport",
  "invoice_number": "49878",
  "description": "924 Non-Commercial Vehicles from Parking Lot to Train",
  "source_type_id": 2,
  "source_type_code": "M",
  "company_currency_type_id": 1,
  "company_currency_type_code": "USD",
  "company_amount": 1000.9200,
  "customer_currency_type_id": 2,
  "customer_currency_type_code": "CAN",
  "customer_amount": 1234.7800,
  "due_date": "2017-08-26T21:53:54.913",
  "due_date_time_zone": "CST",
  "is_prepaid": 0,
  "expiration_date": null,
  "expiration_time_zone": "CST",
  "currency_calculation_id": 924,
  "hedge_date": "2017-07-15T09:34:15.95",
  "close_date": null,
  "create_user": 1,
  "create_date": "2017-07-15T09:34:15.95",
  "update_user": null,
  "update_date": null
} {
  "id": 1031,
  "customer_id": 49,
  "customer_name": "Power Track",
  "company_name": "Jack Cooper Transport",
  "invoice_number": "11683",
  "description": "1031 Truck(s) moved from Plant to Parking Lot",
  "source_type_id": 1,
  "source_type_code": "O",
  "company_currency_type_id": 1,
  "company_currency_type_code": "USD",
  "company_amount": 1001.0300,
  "customer_currency_type_id": 2,
  "customer_currency_type_code": "CAN",
  "customer_amount": 1234.9200,
  "due_date": "2017-08-26T21:53:54.913",
  "due_date_time_zone": "CST",
  "is_prepaid": 0,
  "expiration_date": null,
  "expiration_time_zone": "CST",
  "currency_calculation_id": 1031,
  "hedge_date": null,
  "close_date": null,
  "create_user": 1,
  "create_date": "2017-02-24T01:15:13.47",
  "update_user": null,
  "update_date": null
} {
  "id": 1065,
  "customer_id": 33,
  "customer_name": "Power Track",
  "company_name": "Jack Cooper Transport",
  "invoice_number": "14213",
  "description": "1065 Car(s) moved from Plant to Parking Lot",
  "source_type_id": 3,
  "source_type_code": "D",
  "company_currency_type_id": 1,
  "company_currency_type_code": "USD",
  "company_amount": 1001.0700,
  "customer_currency_type_id": 2,
  "customer_currency_type_code": "CAN",
  "customer_amount": 1234.9700,
  "due_date": "2017-08-26T21:53:54.913",
  "due_date_time_zone": "CST",
  "is_prepaid": 0,
  "expiration_date": null,
  "expiration_time_zone": "CST",
  "currency_calculation_id": 1065,
  "hedge_date": "2017-03-16T07:17:47.48",
  "close_date": null,
  "create_user": 1,
  "create_date": "2017-03-16T07:17:47.48",
  "update_user": null,
  "update_date": null
} {
  "id": 1113,
  "customer_id": 49,
  "customer_name": "Power Track",
  "company_name": "Jack Cooper Transport",
  "invoice_number": "09665",
  "description": "1113 Commercial Vehicles from Parking Lot to Train",
  "source_type_id": 3,
  "source_type_code": "D",
  "company_currency_type_id": 1,
  "company_currency_type_code": "USD",
  "company_amount": 1001.1100,
  "customer_currency_type_id": 2,
  "customer_currency_type_code": "CAN",
  "customer_amount": 1235.0200,
  "due_date": "2017-08-26T21:53:54.913",
  "due_date_time_zone": "CST",
  "is_prepaid": 0,
  "expiration_date": null,
  "expiration_time_zone": "CST",
  "currency_calculation_id": 1113,
  "hedge_date": "2017-04-30T09:49:56.24",
  "close_date": null,
  "create_user": 1,
  "create_date": "2017-04-30T09:49:56.24",
  "update_user": null,
  "update_date": null
} {
  "id": 1301,
  "customer_id": 33,
  "customer_name": "Power Track",
  "company_name": "Jack Cooper Transport",
  "invoice_number": "61128",
  "description": "1301 Truck(s) moved from Plant to Parking Lot",
  "source_type_id": 1,
  "source_type_code": "O",
  "company_currency_type_id": 1,
  "company_currency_type_code": "USD",
  "company_amount": 1001.3000,
  "customer_currency_type_id": 2,
  "customer_currency_type_code": "CAN",
  "customer_amount": 1235.2500,
  "due_date": "2017-08-26T21:53:54.913",
  "due_date_time_zone": "CST",
  "is_prepaid": 0,
  "expiration_date": null,
  "expiration_time_zone": "CST",
  "currency_calculation_id": 1301,
  "hedge_date": null,
  "close_date": null,
  "create_user": 1,
  "create_date": "2017-04-23T09:38:40.63",
  "update_user": null,
  "update_date": null
} {
  "id": 1425,
  "customer_id": 33,
  "customer_name": "Power Track",
  "company_name": "Jack Cooper Transport",
  "invoice_number": "24579",
  "description": "1425 Car(s) moved from Plant to Parking Lot",
  "source_type_id": 1,
  "source_type_code": "O",
  "company_currency_type_id": 1,
  "company_currency_type_code": "USD",
  "company_amount": 1001.4300,
  "customer_currency_type_id": 2,
  "customer_currency_type_code": "CAN",
  "customer_amount": 1235.4100,
  "due_date": "2017-08-26T21:53:54.913",
  "due_date_time_zone": "CST",
  "is_prepaid": 0,
  "expiration_date": null,
  "expiration_time_zone": "CST",
  "currency_calculation_id": 1425,
  "hedge_date": null,
  "close_date": null,
  "create_user": 1,
  "create_date": "2017-11-15T21:16:28.72",
  "update_user": null,
  "update_date": null
} {
  "id": 1947,
  "customer_id": 49,
  "customer_name": "Power Track",
  "company_name": "Jack Cooper Transport",
  "invoice_number": "07007",
  "description": "1947 Van(s) moved from Plant to Parking Lot",
  "source_type_id": 2,
  "source_type_code": "M",
  "company_currency_type_id": 1,
  "company_currency_type_code": "USD",
  "company_amount": 1001.9500,
  "customer_currency_type_id": 2,
  "customer_currency_type_code": "CAN",
  "customer_amount": 1236.0600,
  "due_date": "2017-08-26T21:53:54.913",
  "due_date_time_zone": "CST",
  "is_prepaid": 0,
  "expiration_date": null,
  "expiration_time_zone": "CST",
  "currency_calculation_id": 1947,
  "hedge_date": "2017-02-17T12:48:09.98",
  "close_date": null,
  "create_user": 1,
  "create_date": "2017-02-17T12:48:09.98",
  "update_user": null,
  "update_date": null
} {
  "id": 2033,
  "customer_id": 49,
  "customer_name": "Power Track",
  "company_name": "Jack Cooper Transport",
  "invoice_number": "58497",
  "description": "2033 Commercial Vehicles from Parking Lot to Train",
  "source_type_id": 3,
  "source_type_code": "D",
  "company_currency_type_id": 1,
  "company_currency_type_code": "USD",
  "company_amount": 1002.0300,
  "customer_currency_type_id": 2,
  "customer_currency_type_code": "CAN",
  "customer_amount": 1236.1500,
  "due_date": "2017-08-26T21:53:54.913",
  "due_date_time_zone": "CST",
  "is_prepaid": 0,
  "expiration_date": null,
  "expiration_time_zone": "CST",
  "currency_calculation_id": 2033,
  "hedge_date": "2017-10-01T02:03:33.65",
  "close_date": null,
  "create_user": 1,
  "create_date": "2017-10-01T02:03:33.65",
  "update_user": null,
  "update_date": null
} {
  "id": 2242,
  "customer_id": 33,
  "customer_name": "Power Track",
  "company_name": "Jack Cooper Transport",
  "invoice_number": "23012",
  "description": "2242 Van(s) moved from Plant to Parking Lot",
  "source_type_id": 1,
  "source_type_code": "O",
  "company_currency_type_id": 1,
  "company_currency_type_code": "USD",
  "company_amount": 1002.2400,
  "customer_currency_type_id": 2,
  "customer_currency_type_code": "CAN",
  "customer_amount": 1236.4100,
  "due_date": "2017-08-26T21:53:54.913",
  "due_date_time_zone": "CST",
  "is_prepaid": 0,
  "expiration_date": null,
  "expiration_time_zone": "CST",
  "currency_calculation_id": 2242,
  "hedge_date": null,
  "close_date": null,
  "create_user": 1,
  "create_date": "2017-09-29T14:41:41.57",
  "update_user": null,
  "update_date": null
} {
  "id": 2274,
  "customer_id": 49,
  "customer_name": "Power Track",
  "company_name": "Jack Cooper Transport",
  "invoice_number": "09846",
  "description": "2274 Non-Commercial Vehicles from Parking Lot to Train",
  "source_type_id": 3,
  "source_type_code": "D",
  "company_currency_type_id": 1,
  "company_currency_type_code": "USD",
  "company_amount": 1002.2700,
  "customer_currency_type_id": 2,
  "customer_currency_type_code": "CAN",
  "customer_amount": 1236.4500,
  "due_date": "2017-08-26T21:53:54.913",
  "due_date_time_zone": "CST",
  "is_prepaid": 0,
  "expiration_date": null,
  "expiration_time_zone": "CST",
  "currency_calculation_id": 2274,
  "hedge_date": "2017-12-27T10:44:25.49",
  "close_date": null,
  "create_user": 1,
  "create_date": "2017-12-27T10:44:25.49",
  "update_user": null,
  "update_date": null
} {
  "id": 2423,
  "customer_id": 33,
  "customer_name": "Power Track",
  "company_name": "Jack Cooper Transport",
  "invoice_number": "22121",
  "description": "2423 Commercial Vehicles from Parking Lot to Train",
  "source_type_id": 3,
  "source_type_code": "D",
  "company_currency_type_id": 1,
  "company_currency_type_code": "USD",
  "company_amount": 1002.4200,
  "customer_currency_type_id": 2,
  "customer_currency_type_code": "CAN",
  "customer_amount": 1236.6400,
  "due_date": "2017-08-26T21:53:54.913",
  "due_date_time_zone": "CST",
  "is_prepaid": 0,
  "expiration_date": null,
  "expiration_time_zone": "CST",
  "currency_calculation_id": 2423,
  "hedge_date": "2017-06-24T06:30:18.69",
  "close_date": null,
  "create_user": 1,
  "create_date": "2017-06-24T06:30:18.69",
  "update_user": null,
  "update_date": null
} {
  "id": 2482,
  "customer_id": 33,
  "customer_name": "Power Track",
  "company_name": "Jack Cooper Transport",
  "invoice_number": "80241",
  "description": "2482 Van(s) moved from Plant to Parking Lot",
  "source_type_id": 3,
  "source_type_code": "D",
  "company_currency_type_id": 1,
  "company_currency_type_code": "USD",
  "company_amount": 1002.4800,
  "customer_currency_type_id": 2,
  "customer_currency_type_code": "CAN",
  "customer_amount": 1236.7100,
  "due_date": "2017-08-26T21:53:54.913",
  "due_date_time_zone": "CST",
  "is_prepaid": 0,
  "expiration_date": null,
  "expiration_time_zone": "CST",
  "currency_calculation_id": 2482,
  "hedge_date": "2017-01-29T20:12:30.3",
  "close_date": null,
  "create_user": 1,
  "create_date": "2017-01-29T20:12:30.3",
  "update_user": null,
  "update_date": null
} {
  "id": 2514,
  "customer_id": 33,
  "customer_name": "Power Track",
  "company_name": "Jack Cooper Transport",
  "invoice_number": "90245",
  "description": "2514 Non-Commercial Vehicles from Parking Lot to Train",
  "source_type_id": 3,
  "source_type_code": "D",
  "company_currency_type_id": 1,
  "company_currency_type_code": "USD",
  "company_amount": 1002.5100,
  "customer_currency_type_id": 2,
  "customer_currency_type_code": "CAN",
  "customer_amount": 1236.7500,
  "due_date": "2017-08-26T21:53:54.913",
  "due_date_time_zone": "CST",
  "is_prepaid": 0,
  "expiration_date": null,
  "expiration_time_zone": "CST",
  "currency_calculation_id": 2514,
  "hedge_date": "2017-10-21T10:22:30.27",
  "close_date": null,
  "create_user": 1,
  "create_date": "2017-10-21T10:22:30.27",
  "update_user": null,
  "update_date": null
} {
  "id": 2840,
  "customer_id": 33,
  "customer_name": "Power Track",
  "company_name": "Jack Cooper Transport",
  "invoice_number": "46561",
  "description": "2840 Car(s) moved from Plant to Parking Lot",
  "source_type_id": 2,
  "source_type_code": "M",
  "company_currency_type_id": 1,
  "company_currency_type_code": "USD",
  "company_amount": 1002.8400,
  "customer_currency_type_id": 2,
  "customer_currency_type_code": "CAN",
  "customer_amount": 1237.1500,
  "due_date": null,
  "due_date_time_zone": "CST",
  "is_prepaid": 1,
  "expiration_date": "2017-08-26T21:53:54.923",
  "expiration_time_zone": "CST",
  "currency_calculation_id": 2840,
  "hedge_date": "2017-10-20T01:38:18.21",
  "close_date": null,
  "create_user": 1,
  "create_date": "2017-10-20T01:38:18.21",
  "update_user": null,
  "update_date": null
} {
  "id": 2841,
  "customer_id": 49,
  "customer_name": "Power Track",
  "company_name": "Jack Cooper Transport",
  "invoice_number": "28062",
  "description": "2841 Truck(s) moved from Plant to Parking Lot",
  "source_type_id": 3,
  "source_type_code": "D",
  "company_currency_type_id": 1,
  "company_currency_type_code": "USD",
  "company_amount": 1002.8400,
  "customer_currency_type_id": 2,
  "customer_currency_type_code": "CAN",
  "customer_amount": 1237.1500,
  "due_date": "2017-08-26T21:53:54.913",
  "due_date_time_zone": "CST",
  "is_prepaid": 0,
  "expiration_date": null,
  "expiration_time_zone": "CST",
  "currency_calculation_id": 2841,
  "hedge_date": "2017-10-25T14:35:47",
  "close_date": null,
  "create_user": 1,
  "create_date": "2017-10-25T14:35:47",
  "update_user": null,
  "update_date": null
} {
  "id": 2852,
  "customer_id": 33,
  "customer_name": "Power Track",
  "company_name": "Jack Cooper Transport",
  "invoice_number": "88532",
  "description": "2852 Van(s) moved from Plant to Parking Lot",
  "source_type_id": 1,
  "source_type_code": "O",
  "company_currency_type_id": 1,
  "company_currency_type_code": "USD",
  "company_amount": 1002.8500,
  "customer_currency_type_id": 2,
  "customer_currency_type_code": "CAN",
  "customer_amount": 1237.1700,
  "due_date": "2017-08-26T21:53:54.913",
  "due_date_time_zone": "CST",
  "is_prepaid": 0,
  "expiration_date": null,
  "expiration_time_zone": "CST",
  "currency_calculation_id": 2852,
  "hedge_date": null,
  "close_date": null,
  "create_user": 1,
  "create_date": "2017-02-23T20:23:47.13",
  "update_user": null,
  "update_date": null
} {
  "id": 2885,
  "customer_id": 49,
  "customer_name": "Power Track",
  "company_name": "Jack Cooper Transport",
  "invoice_number": "08542",
  "description": "2885 Car(s) moved from Plant to Parking Lot",
  "source_type_id": 3,
  "source_type_code": "D",
  "company_currency_type_id": 1,
  "company_currency_type_code": "USD",
  "company_amount": 1002.8900,
  "customer_currency_type_id": 2,
  "customer_currency_type_code": "CAN",
  "customer_amount": 1237.2200,
  "due_date": "2017-08-26T21:53:54.913",
  "due_date_time_zone": "CST",
  "is_prepaid": 0,
  "expiration_date": null,
  "expiration_time_zone": "CST",
  "currency_calculation_id": 2885,
  "hedge_date": "2017-07-26T19:55:53.76",
  "close_date": null,
  "create_user": 1,
  "create_date": "2017-07-26T19:55:53.76",
  "update_user": null,
  "update_date": null
} {
  "id": 2905,
  "customer_id": 33,
  "customer_name": "Power Track",
  "company_name": "Jack Cooper Transport",
  "invoice_number": "94472",
  "description": "2905 Car(s) moved from Plant to Parking Lot",
  "source_type_id": 1,
  "source_type_code": "O",
  "company_currency_type_id": 1,
  "company_currency_type_code": "USD",
  "company_amount": 1002.9100,
  "customer_currency_type_id": 2,
  "customer_currency_type_code": "CAN",
  "customer_amount": 1237.2400,
  "due_date": "2017-08-26T21:53:54.913",
  "due_date_time_zone": "CST",
  "is_prepaid": 0,
  "expiration_date": null,
  "expiration_time_zone": "CST",
  "currency_calculation_id": 2905,
  "hedge_date": null,
  "close_date": null,
  "create_user": 1,
  "create_date": "2017-11-23T08:59:34.22",
  "update_user": null,
  "update_date": null
} {
  "id": 2936,
  "customer_id": 33,
  "customer_name": "Power Track",
  "company_name": "Jack Cooper Transport",
  "invoice_number": "00126",
  "description": "2936 Truck(s) moved from Plant to Parking Lot",
  "source_type_id": 2,
  "source_type_code": "M",
  "company_currency_type_id": 1,
  "company_currency_type_code": "USD",
  "company_amount": 1002.9400,
  "customer_currency_type_id": 2,
  "customer_currency_type_code": "CAN",
  "customer_amount": 1237.2800,
  "due_date": "2017-08-26T21:53:54.913",
  "due_date_time_zone": "CST",
  "is_prepaid": 0,
  "expiration_date": null,
  "expiration_time_zone": "CST",
  "currency_calculation_id": 2936,
  "hedge_date": "2017-06-24T21:17:26.02",
  "close_date": null,
  "create_user": 1,
  "create_date": "2017-06-24T21:17:26.02",
  "update_user": null,
  "update_date": null
} {
  "id": 2950,
  "customer_id": 49,
  "customer_name": "Power Track",
  "company_name": "Jack Cooper Transport",
  "invoice_number": "68790",
  "description": "2950 Car(s) moved from Plant to Parking Lot",
  "source_type_id": 1,
  "source_type_code": "O",
  "company_currency_type_id": 1,
  "company_currency_type_code": "USD",
  "company_amount": 1002.9500,
  "customer_currency_type_id": 2,
  "customer_currency_type_code": "CAN",
  "customer_amount": 1237.2900,
  "due_date": null,
  "due_date_time_zone": "CST",
  "is_prepaid": 1,
  "expiration_date": "2017-08-26T21:53:54.923",
  "expiration_time_zone": "CST",
  "currency_calculation_id": 2950,
  "hedge_date": null,
  "close_date": null,
  "create_user": 1,
  "create_date": "2017-04-05T12:08:53.42",
  "update_user": null,
  "update_date": null
} {
  "id": 3148,
  "customer_id": 33,
  "customer_name": "Power Track",
  "company_name": "Jack Cooper Transport",
  "invoice_number": "69433",
  "description": "3148 Commercial Vehicles from Parking Lot to Train",
  "source_type_id": 1,
  "source_type_code": "O",
  "company_currency_type_id": 1,
  "company_currency_type_code": "USD",
  "company_amount": 1003.1500,
  "customer_currency_type_id": 2,
  "customer_currency_type_code": "CAN",
  "customer_amount": 1237.5400,
  "due_date": "2017-08-26T21:53:54.913",
  "due_date_time_zone": "CST",
  "is_prepaid": 0,
  "expiration_date": null,
  "expiration_time_zone": "CST",
  "currency_calculation_id": 3148,
  "hedge_date": null,
  "close_date": null,
  "create_user": 1,
  "create_date": "2017-02-24T15:40:46.42",
  "update_user": null,
  "update_date": null
} {
  "id": 3359,
  "customer_id": 49,
  "customer_name": "Power Track",
  "company_name": "Jack Cooper Transport",
  "invoice_number": "40177",
  "description": "3359 Non-Commercial Vehicles from Parking Lot to Train",
  "source_type_id": 1,
  "source_type_code": "O",
  "company_currency_type_id": 1,
  "company_currency_type_code": "USD",
  "company_amount": 1003.3600,
  "customer_currency_type_id": 2,
  "customer_currency_type_code": "CAN",
  "customer_amount": 1237.8000,
  "due_date": "2017-08-26T21:53:54.913",
  "due_date_time_zone": "CST",
  "is_prepaid": 0,
  "expiration_date": null,
  "expiration_time_zone": "CST",
  "currency_calculation_id": 3359,
  "hedge_date": null,
  "close_date": null,
  "create_user": 1,
  "create_date": "2017-08-22T11:38:57.23",
  "update_user": null,
  "update_date": null
} {
  "id": 3395,
  "customer_id": 49,
  "customer_name": "Power Track",
  "company_name": "Jack Cooper Transport",
  "invoice_number": "09761",
  "description": "3395 Car(s) moved from Plant to Parking Lot",
  "source_type_id": 2,
  "source_type_code": "M",
  "company_currency_type_id": 1,
  "company_currency_type_code": "USD",
  "company_amount": 1003.4000,
  "customer_currency_type_id": 2,
  "customer_currency_type_code": "CAN",
  "customer_amount": 1237.8400,
  "due_date": "2017-08-26T21:53:54.913",
  "due_date_time_zone": "CST",
  "is_prepaid": 0,
  "expiration_date": null,
  "expiration_time_zone": "CST",
  "currency_calculation_id": 3395,
  "hedge_date": "2017-04-09T07:12:36.85",
  "close_date": null,
  "create_user": 1,
  "create_date": "2017-04-09T07:12:36.85",
  "update_user": null,
  "update_date": null
} {
  "id": 3416,
  "customer_id": 33,
  "customer_name": "Power Track",
  "company_name": "Jack Cooper Transport",
  "invoice_number": "64839",
  "description": "3416 Truck(s) moved from Plant to Parking Lot",
  "source_type_id": 3,
  "source_type_code": "D",
  "company_currency_type_id": 1,
  "company_currency_type_code": "USD",
  "company_amount": 1003.4200,
  "customer_currency_type_id": 2,
  "customer_currency_type_code": "CAN",
  "customer_amount": 1237.8700,
  "due_date": "2017-08-26T21:53:54.913",
  "due_date_time_zone": "CST",
  "is_prepaid": 0,
  "expiration_date": null,
  "expiration_time_zone": "CST",
  "currency_calculation_id": 3416,
  "hedge_date": "2017-08-25T08:24:55.67",
  "close_date": null,
  "create_user": 1,
  "create_date": "2017-08-25T08:24:55.67",
  "update_user": null,
  "update_date": null
} {
  "id": 3679,
  "customer_id": 49,
  "customer_name": "Power Track",
  "company_name": "Jack Cooper Transport",
  "invoice_number": "17206",
  "description": "3679 Non-Commercial Vehicles from Parking Lot to Train",
  "source_type_id": 3,
  "source_type_code": "D",
  "company_currency_type_id": 1,
  "company_currency_type_code": "USD",
  "company_amount": 1003.6800,
  "customer_currency_type_id": 2,
  "customer_currency_type_code": "CAN",
  "customer_amount": 1238.1900,
  "due_date": "2017-08-26T21:53:54.913",
  "due_date_time_zone": "CST",
  "is_prepaid": 0,
  "expiration_date": null,
  "expiration_time_zone": "CST",
  "currency_calculation_id": 3679,
  "hedge_date": "2017-12-05T17:04:49.66",
  "close_date": null,
  "create_user": 1,
  "create_date": "2017-12-05T17:04:49.66",
  "update_user": null,
  "update_date": null
} {
  "id": 3847,
  "customer_id": 33,
  "customer_name": "Power Track",
  "company_name": "Jack Cooper Transport",
  "invoice_number": "33163",
  "description": "3847 Van(s) moved from Plant to Parking Lot",
  "source_type_id": 3,
  "source_type_code": "D",
  "company_currency_type_id": 1,
  "company_currency_type_code": "USD",
  "company_amount": 1003.8500,
  "customer_currency_type_id": 2,
  "customer_currency_type_code": "CAN",
  "customer_amount": 1238.4000,
  "due_date": "2017-08-26T21:53:54.913",
  "due_date_time_zone": "CST",
  "is_prepaid": 0,
  "expiration_date": null,
  "expiration_time_zone": "CST",
  "currency_calculation_id": 3847,
  "hedge_date": "2017-08-21T16:26:56.37",
  "close_date": null,
  "create_user": 1,
  "create_date": "2017-08-21T16:26:56.37",
  "update_user": null,
  "update_date": null
} {
  "id": 3872,
  "customer_id": 49,
  "customer_name": "Power Track",
  "company_name": "Jack Cooper Transport",
  "invoice_number": "75667",
  "description": "3872 Van(s) moved from Plant to Parking Lot",
  "source_type_id": 1,
  "source_type_code": "O",
  "company_currency_type_id": 1,
  "company_currency_type_code": "USD",
  "company_amount": 1003.8700,
  "customer_currency_type_id": 2,
  "customer_currency_type_code": "CAN",
  "customer_amount": 1238.4200,
  "due_date": "2017-08-26T21:53:54.913",
  "due_date_time_zone": "CST",
  "is_prepaid": 0,
  "expiration_date": null,
  "expiration_time_zone": "CST",
  "currency_calculation_id": 3872,
  "hedge_date": "2017-09-06T10:47:57.02",
  "close_date": null,
  "create_user": 1,
  "create_date": "2017-09-06T10:47:57.02",
  "update_user": null,
  "update_date": null
} {
  "id": 3981,
  "customer_id": 49,
  "customer_name": "Power Track",
  "company_name": "Jack Cooper Transport",
  "invoice_number": "86881",
  "description": "3981 Truck(s) moved from Plant to Parking Lot",
  "source_type_id": 3,
  "source_type_code": "D",
  "company_currency_type_id": 1,
  "company_currency_type_code": "USD",
  "company_amount": 1003.9800,
  "customer_currency_type_id": 2,
  "customer_currency_type_code": "CAN",
  "customer_amount": 1238.5600,
  "due_date": "2017-08-26T21:53:54.913",
  "due_date_time_zone": "CST",
  "is_prepaid": 0,
  "expiration_date": null,
  "expiration_time_zone": "CST",
  "currency_calculation_id": 3981,
  "hedge_date": "2017-09-28T11:03:33.4",
  "close_date": null,
  "create_user": 1,
  "create_date": "2017-09-28T11:03:33.4",
  "update_user": null,
  "update_date": null
} {
  "id": 4002,
  "customer_id": 33,
  "customer_name": "Power Track",
  "company_name": "Jack Cooper Transport",
  "invoice_number": "75877",
  "description": "4002 Van(s) moved from Plant to Parking Lot",
  "source_type_id": 3,
  "source_type_code": "D",
  "company_currency_type_id": 1,
  "company_currency_type_code": "USD",
  "company_amount": 1004.0000,
  "customer_currency_type_id": 2,
  "customer_currency_type_code": "CAN",
  "customer_amount": 1238.5800,
  "due_date": "2017-08-26T21:53:54.913",
  "due_date_time_zone": "CST",
  "is_prepaid": 0,
  "expiration_date": null,
  "expiration_time_zone": "CST",
  "currency_calculation_id": 4002,
  "hedge_date": "2017-02-10T01:27:41.68",
  "close_date": null,
  "create_user": 1,
  "create_date": "2017-02-10T01:27:41.68",
  "update_user": null,
  "update_date": null
} {
  "id": 4055,
  "customer_id": 49,
  "customer_name": "Power Track",
  "company_name": "Jack Cooper Transport",
  "invoice_number": "06814",
  "description": "4055 Car(s) moved from Plant to Parking Lot",
  "source_type_id": 2,
  "source_type_code": "M",
  "company_currency_type_id": 1,
  "company_currency_type_code": "USD",
  "company_amount": 1004.0600,
  "customer_currency_type_id": 2,
  "customer_currency_type_code": "CAN",
  "customer_amount": 1238.6600,
  "due_date": "2017-08-26T21:53:54.913",
  "due_date_time_zone": "CST",
  "is_prepaid": 0,
  "expiration_date": null,
  "expiration_time_zone": "CST",
  "currency_calculation_id": 4055,
  "hedge_date": "2017-01-19T14:44:44.45",
  "close_date": null,
  "create_user": 1,
  "create_date": "2017-01-19T14:44:44.45",
  "update_user": null,
  "update_date": null
} {
  "id": 4162,
  "customer_id": 49,
  "customer_name": "Power Track",
  "company_name": "Jack Cooper Transport",
  "invoice_number": "47044",
  "description": "4162 Van(s) moved from Plant to Parking Lot",
  "source_type_id": 2,
  "source_type_code": "M",
  "company_currency_type_id": 1,
  "company_currency_type_code": "USD",
  "company_amount": 1004.1600,
  "customer_currency_type_id": 2,
  "customer_currency_type_code": "CAN",
  "customer_amount": 1238.7800,
  "due_date": "2017-08-26T21:53:54.913",
  "due_date_time_zone": "CST",
  "is_prepaid": 0,
  "expiration_date": null,
  "expiration_time_zone": "CST",
  "currency_calculation_id": 4162,
  "hedge_date": "2017-06-14T03:18:41.81",
  "close_date": null,
  "create_user": 1,
  "create_date": "2017-06-14T03:18:41.81",
  "update_user": null,
  "update_date": null
} {
  "id": 4379,
  "customer_id": 33,
  "customer_name": "Power Track",
  "company_name": "Jack Cooper Transport",
  "invoice_number": "44097",
  "description": "4379 Non-Commercial Vehicles from Parking Lot to Train",
  "source_type_id": 2,
  "source_type_code": "M",
  "company_currency_type_id": 1,
  "company_currency_type_code": "USD",
  "company_amount": 1004.3800,
  "customer_currency_type_id": 2,
  "customer_currency_type_code": "CAN",
  "customer_amount": 1239.0500,
  "due_date": "2017-08-26T21:53:54.913",
  "due_date_time_zone": "CST",
  "is_prepaid": 0,
  "expiration_date": null,
  "expiration_time_zone": "CST",
  "currency_calculation_id": 4379,
  "hedge_date": "2017-03-21T21:23:16.77",
  "close_date": null,
  "create_user": 1,
  "create_date": "2017-03-21T21:23:16.77",
  "update_user": null,
  "update_date": null
} {
  "id": 4635,
  "customer_id": 49,
  "customer_name": "Power Track",
  "company_name": "Jack Cooper Transport",
  "invoice_number": "10413",
  "description": "4635 Car(s) moved from Plant to Parking Lot",
  "source_type_id": 1,
  "source_type_code": "O",
  "company_currency_type_id": 1,
  "company_currency_type_code": "USD",
  "company_amount": 1004.6400,
  "customer_currency_type_id": 2,
  "customer_currency_type_code": "CAN",
  "customer_amount": 1239.3700,
  "due_date": "2017-08-26T21:53:54.913",
  "due_date_time_zone": "CST",
  "is_prepaid": 0,
  "expiration_date": null,
  "expiration_time_zone": "CST",
  "currency_calculation_id": 4635,
  "hedge_date": null,
  "close_date": null,
  "create_user": 1,
  "create_date": "2017-07-05T13:24:55.3",
  "update_user": null,
  "update_date": null
} {
  "id": 4829,
  "customer_id": 33,
  "customer_name": "Power Track",
  "company_name": "Jack Cooper Transport",
  "invoice_number": "09489",
  "description": "4829 Non-Commercial Vehicles from Parking Lot to Train",
  "source_type_id": 1,
  "source_type_code": "O",
  "company_currency_type_id": 1,
  "company_currency_type_code": "USD",
  "company_amount": 1004.8300,
  "customer_currency_type_id": 2,
  "customer_currency_type_code": "CAN",
  "customer_amount": 1239.6100,
  "due_date": "2017-08-26T21:53:54.913",
  "due_date_time_zone": "CST",
  "is_prepaid": 0,
  "expiration_date": null,
  "expiration_time_zone": "CST",
  "currency_calculation_id": 4829,
  "hedge_date": null,
  "close_date": null,
  "create_user": 1,
  "create_date": "2017-06-24T11:58:03.12",
  "update_user": null,
  "update_date": null
} {
  "id": 4937,
  "customer_id": 33,
  "customer_name": "Power Track",
  "company_name": "Jack Cooper Transport",
  "invoice_number": "50950",
  "description": "4937 Van(s) moved from Plant to Parking Lot",
  "source_type_id": 2,
  "source_type_code": "M",
  "company_currency_type_id": 1,
  "company_currency_type_code": "USD",
  "company_amount": 1004.9400,
  "customer_currency_type_id": 2,
  "customer_currency_type_code": "CAN",
  "customer_amount": 1239.7400,
  "due_date": "2017-08-26T21:53:54.913",
  "due_date_time_zone": "CST",
  "is_prepaid": 0,
  "expiration_date": null,
  "expiration_time_zone": "CST",
  "currency_calculation_id": 4937,
  "hedge_date": "2017-06-04T11:11:12.33",
  "close_date": null,
  "create_user": 1,
  "create_date": "2017-06-04T11:11:12.33",
  "update_user": null,
  "update_date": null
} {
  "id": 5009,
  "customer_id": 33,
  "customer_name": "Power Track",
  "company_name": "Jack Cooper Transport",
  "invoice_number": "99977",
  "description": "5009 Non-Commercial Vehicles from Parking Lot to Train",
  "source_type_id": 3,
  "source_type_code": "D",
  "company_currency_type_id": 1,
  "company_currency_type_code": "USD",
  "company_amount": 1005.0100,
  "customer_currency_type_id": 2,
  "customer_currency_type_code": "CAN",
  "customer_amount": 1239.8300,
  "due_date": "2017-08-26T21:53:54.913",
  "due_date_time_zone": "CST",
  "is_prepaid": 0,
  "expiration_date": null,
  "expiration_time_zone": "CST",
  "currency_calculation_id": 5009,
  "hedge_date": "2017-05-01T19:48:16.41",
  "close_date": null,
  "create_user": 1,
  "create_date": "2017-05-01T19:48:16.41",
  "update_user": null,
  "update_date": null
} {
  "id": 5371,
  "customer_id": 49,
  "customer_name": "Power Track",
  "company_name": "Jack Cooper Transport",
  "invoice_number": "85862",
  "description": "5371 Truck(s) moved from Plant to Parking Lot",
  "source_type_id": 3,
  "source_type_code": "D",
  "company_currency_type_id": 1,
  "company_currency_type_code": "USD",
  "company_amount": 1005.3700,
  "customer_currency_type_id": 2,
  "customer_currency_type_code": "CAN",
  "customer_amount": 1240.2700,
  "due_date": "2017-08-26T21:53:54.913",
  "due_date_time_zone": "CST",
  "is_prepaid": 0,
  "expiration_date": null,
  "expiration_time_zone": "CST",
  "currency_calculation_id": 5371,
  "hedge_date": "2017-11-15T18:37:01.49",
  "close_date": null,
  "create_user": 1,
  "create_date": "2017-11-15T18:37:01.49",
  "update_user": null,
  "update_date": null
} {
  "id": 5393,
  "customer_id": 49,
  "customer_name": "Power Track",
  "company_name": "Jack Cooper Transport",
  "invoice_number": "43625",
  "description": "5393 Commercial Vehicles from Parking Lot to Train",
  "source_type_id": 3,
  "source_type_code": "D",
  "company_currency_type_id": 1,
  "company_currency_type_code": "USD",
  "company_amount": 1005.3900,
  "customer_currency_type_id": 2,
  "customer_currency_type_code": "CAN",
  "customer_amount": 1240.3000,
  "due_date": "2017-08-26T21:53:54.913",
  "due_date_time_zone": "CST",
  "is_prepaid": 0,
  "expiration_date": null,
  "expiration_time_zone": "CST",
  "currency_calculation_id": 5393,
  "hedge_date": "2017-09-04T19:25:36.57",
  "close_date": null,
  "create_user": 1,
  "create_date": "2017-09-04T19:25:36.57",
  "update_user": null,
  "update_date": null
} {
  "id": 5407,
  "customer_id": 49,
  "customer_name": "Power Track",
  "company_name": "Jack Cooper Transport",
  "invoice_number": "96472",
  "description": "5407 Van(s) moved from Plant to Parking Lot",
  "source_type_id": 2,
  "source_type_code": "M",
  "company_currency_type_id": 1,
  "company_currency_type_code": "USD",
  "company_amount": 1005.4100,
  "customer_currency_type_id": 2,
  "customer_currency_type_code": "CAN",
  "customer_amount": 1240.3200,
  "due_date": "2017-08-26T21:53:54.913",
  "due_date_time_zone": "CST",
  "is_prepaid": 0,
  "expiration_date": null,
  "expiration_time_zone": "CST",
  "currency_calculation_id": 5407,
  "hedge_date": "2017-11-25T20:17:54.55",
  "close_date": null,
  "create_user": 1,
  "create_date": "2017-11-25T20:17:54.55",
  "update_user": null,
  "update_date": null
} {
  "id": 5451,
  "customer_id": 33,
  "customer_name": "Power Track",
  "company_name": "Jack Cooper Transport",
  "invoice_number": "53146",
  "description": "5451 Truck(s) moved from Plant to Parking Lot",
  "source_type_id": 2,
  "source_type_code": "M",
  "company_currency_type_id": 1,
  "company_currency_type_code": "USD",
  "company_amount": 1005.4500,
  "customer_currency_type_id": 2,
  "customer_currency_type_code": "CAN",
  "customer_amount": 1240.3700,
  "due_date": "2017-08-26T21:53:54.913",
  "due_date_time_zone": "CST",
  "is_prepaid": 0,
  "expiration_date": null,
  "expiration_time_zone": "CST",
  "currency_calculation_id": 5451,
  "hedge_date": "2017-12-02T19:16:01.26",
  "close_date": null,
  "create_user": 1,
  "create_date": "2017-12-02T19:16:01.26",
  "update_user": null,
  "update_date": null
} {
  "id": 5507,
  "customer_id": 49,
  "customer_name": "Power Track",
  "company_name": "Jack Cooper Transport",
  "invoice_number": "60039",
  "description": "5507 Van(s) moved from Plant to Parking Lot",
  "source_type_id": 1,
  "source_type_code": "O",
  "company_currency_type_id": 1,
  "company_currency_type_code": "USD",
  "company_amount": 1005.5100,
  "customer_currency_type_id": 2,
  "customer_currency_type_code": "CAN",
  "customer_amount": 1240.4500,
  "due_date": "2017-08-26T21:53:54.913",
  "due_date_time_zone": "CST",
  "is_prepaid": 0,
  "expiration_date": null,
  "expiration_time_zone": "CST",
  "currency_calculation_id": 5507,
  "hedge_date": null,
  "close_date": null,
  "create_user": 1,
  "create_date": "2017-06-14T23:13:01.53",
  "update_user": null,
  "update_date": null
} {
  "id": 5587,
  "customer_id": 33,
  "customer_name": "Power Track",
  "company_name": "Jack Cooper Transport",
  "invoice_number": "43882",
  "description": "5587 Van(s) moved from Plant to Parking Lot",
  "source_type_id": 3,
  "source_type_code": "D",
  "company_currency_type_id": 1,
  "company_currency_type_code": "USD",
  "company_amount": 1005.5900,
  "customer_currency_type_id": 2,
  "customer_currency_type_code": "CAN",
  "customer_amount": 1240.5500,
  "due_date": "2017-08-26T21:53:54.913",
  "due_date_time_zone": "CST",
  "is_prepaid": 0,
  "expiration_date": null,
  "expiration_time_zone": "CST",
  "currency_calculation_id": 5587,
  "hedge_date": "2017-12-18T05:17:48.08",
  "close_date": null,
  "create_user": 1,
  "create_date": "2017-12-18T05:17:48.08",
  "update_user": null,
  "update_date": null
} {
  "id": 6111,
  "customer_id": 33,
  "customer_name": "Power Track",
  "company_name": "Jack Cooper Transport",
  "invoice_number": "97269",
  "description": "6111 Truck(s) moved from Plant to Parking Lot",
  "source_type_id": 1,
  "source_type_code": "O",
  "company_currency_type_id": 1,
  "company_currency_type_code": "USD",
  "company_amount": 1006.1100,
  "customer_currency_type_id": 2,
  "customer_currency_type_code": "CAN",
  "customer_amount": 1241.1900,
  "due_date": "2017-08-26T21:53:54.913",
  "due_date_time_zone": "CST",
  "is_prepaid": 0,
  "expiration_date": null,
  "expiration_time_zone": "CST",
  "currency_calculation_id": 6111,
  "hedge_date": null,
  "close_date": null,
  "create_user": 1,
  "create_date": "2017-05-26T12:14:38.23",
  "update_user": null,
  "update_date": null
} {
  "id": 6458,
  "customer_id": 33,
  "customer_name": "Power Track",
  "company_name": "Jack Cooper Transport",
  "invoice_number": "80043",
  "description": "6458 Commercial Vehicles from Parking Lot to Train",
  "source_type_id": 3,
  "source_type_code": "D",
  "company_currency_type_id": 1,
  "company_currency_type_code": "USD",
  "company_amount": 1006.4600,
  "customer_currency_type_id": 2,
  "customer_currency_type_code": "CAN",
  "customer_amount": 1241.6200,
  "due_date": "2017-08-26T21:53:54.913",
  "due_date_time_zone": "CST",
  "is_prepaid": 0,
  "expiration_date": null,
  "expiration_time_zone": "CST",
  "currency_calculation_id": 6458,
  "hedge_date": "2017-05-19T03:54:15.33",
  "close_date": null,
  "create_user": 1,
  "create_date": "2017-05-19T03:54:15.33",
  "update_user": null,
  "update_date": null
} {
  "id": 6532,
  "customer_id": 49,
  "customer_name": "Power Track",
  "company_name": "Jack Cooper Transport",
  "invoice_number": "48014",
  "description": "6532 Van(s) moved from Plant to Parking Lot",
  "source_type_id": 2,
  "source_type_code": "M",
  "company_currency_type_id": 1,
  "company_currency_type_code": "USD",
  "company_amount": 1006.5300,
  "customer_currency_type_id": 2,
  "customer_currency_type_code": "CAN",
  "customer_amount": 1241.7100,
  "due_date": "2017-08-26T21:53:54.913",
  "due_date_time_zone": "CST",
  "is_prepaid": 0,
  "expiration_date": null,
  "expiration_time_zone": "CST",
  "currency_calculation_id": 6532,
  "hedge_date": "2017-09-27T03:56:50.51",
  "close_date": null,
  "create_user": 1,
  "create_date": "2017-09-27T03:56:50.51",
  "update_user": null,
  "update_date": null
} {
  "id": 6738,
  "customer_id": 33,
  "customer_name": "Power Track",
  "company_name": "Jack Cooper Transport",
  "invoice_number": "85300",
  "description": "6738 Commercial Vehicles from Parking Lot to Train",
  "source_type_id": 1,
  "source_type_code": "O",
  "company_currency_type_id": 1,
  "company_currency_type_code": "USD",
  "company_amount": 1006.7400,
  "customer_currency_type_id": 2,
  "customer_currency_type_code": "CAN",
  "customer_amount": 1241.9600,
  "due_date": "2017-08-26T21:53:54.913",
  "due_date_time_zone": "CST",
  "is_prepaid": 0,
  "expiration_date": null,
  "expiration_time_zone": "CST",
  "currency_calculation_id": 6738,
  "hedge_date": null,
  "close_date": null,
  "create_user": 1,
  "create_date": "2017-02-13T14:03:16.88",
  "update_user": null,
  "update_date": null
} {
  "id": 6935,
  "customer_id": 33,
  "customer_name": "Power Track",
  "company_name": "Jack Cooper Transport",
  "invoice_number": "91252",
  "description": "6935 Car(s) moved from Plant to Parking Lot",
  "source_type_id": 2,
  "source_type_code": "M",
  "company_currency_type_id": 1,
  "company_currency_type_code": "USD",
  "company_amount": 1006.9400,
  "customer_currency_type_id": 2,
  "customer_currency_type_code": "CAN",
  "customer_amount": 1242.2100,
  "due_date": "2017-08-26T21:53:54.913",
  "due_date_time_zone": "CST",
  "is_prepaid": 0,
  "expiration_date": null,
  "expiration_time_zone": "CST",
  "currency_calculation_id": 6935,
  "hedge_date": "2017-09-21T01:54:46.99",
  "close_date": null,
  "create_user": 1,
  "create_date": "2017-09-21T01:54:46.99",
  "update_user": null,
  "update_date": null
} {
  "id": 7043,
  "customer_id": 49,
  "customer_name": "Power Track",
  "company_name": "Jack Cooper Transport",
  "invoice_number": "41834",
  "description": "7043 Commercial Vehicles from Parking Lot to Train",
  "source_type_id": 2,
  "source_type_code": "M",
  "company_currency_type_id": 1,
  "company_currency_type_code": "USD",
  "company_amount": 1007.0400,
  "customer_currency_type_id": 2,
  "customer_currency_type_code": "CAN",
  "customer_amount": 1242.3300,
  "due_date": "2017-08-26T21:53:54.913",
  "due_date_time_zone": "CST",
  "is_prepaid": 0,
  "expiration_date": null,
  "expiration_time_zone": "CST",
  "currency_calculation_id": 7043,
  "hedge_date": "2017-02-21T06:35:35",
  "close_date": null,
  "create_user": 1,
  "create_date": "2017-02-21T06:35:35",
  "update_user": null,
  "update_date": null
} {
  "id": 7090,
  "customer_id": 33,
  "customer_name": "Power Track",
  "company_name": "Jack Cooper Transport",
  "invoice_number": "20137",
  "description": "7090 Car(s) moved from Plant to Parking Lot",
  "source_type_id": 2,
  "source_type_code": "M",
  "company_currency_type_id": 1,
  "company_currency_type_code": "USD",
  "company_amount": 1007.0900,
  "customer_currency_type_id": 2,
  "customer_currency_type_code": "CAN",
  "customer_amount": 1242.4000,
  "due_date": null,
  "due_date_time_zone": "CST",
  "is_prepaid": 1,
  "expiration_date": "2017-08-26T21:53:54.923",
  "expiration_time_zone": "CST",
  "currency_calculation_id": 7090,
  "hedge_date": "2017-11-29T23:17:20.65",
  "close_date": null,
  "create_user": 1,
  "create_date": "2017-11-29T23:17:20.65",
  "update_user": null,
  "update_date": null
} {
  "id": 7166,
  "customer_id": 49,
  "customer_name": "Power Track",
  "company_name": "Jack Cooper Transport",
  "invoice_number": "41249",
  "description": "7166 Truck(s) moved from Plant to Parking Lot",
  "source_type_id": 2,
  "source_type_code": "M",
  "company_currency_type_id": 1,
  "company_currency_type_code": "USD",
  "company_amount": 1007.1700,
  "customer_currency_type_id": 2,
  "customer_currency_type_code": "CAN",
  "customer_amount": 1242.5000,
  "due_date": "2017-08-26T21:53:54.913",
  "due_date_time_zone": "CST",
  "is_prepaid": 0,
  "expiration_date": null,
  "expiration_time_zone": "CST",
  "currency_calculation_id": 7166,
  "hedge_date": "2017-02-09T07:38:01.16",
  "close_date": null,
  "create_user": 1,
  "create_date": "2017-02-09T07:38:01.16",
  "update_user": null,
  "update_date": null
} {
  "id": 7305,
  "customer_id": 49,
  "customer_name": "Power Track",
  "company_name": "Jack Cooper Transport",
  "invoice_number": "34529",
  "description": "7305 Car(s) moved from Plant to Parking Lot",
  "source_type_id": 3,
  "source_type_code": "D",
  "company_currency_type_id": 1,
  "company_currency_type_code": "USD",
  "company_amount": 1007.3100,
  "customer_currency_type_id": 2,
  "customer_currency_type_code": "CAN",
  "customer_amount": 1242.6700,
  "due_date": "2017-08-26T21:53:54.913",
  "due_date_time_zone": "CST",
  "is_prepaid": 0,
  "expiration_date": null,
  "expiration_time_zone": "CST",
  "currency_calculation_id": 7305,
  "hedge_date": "2017-10-06T11:44:26.3",
  "close_date": null,
  "create_user": 1,
  "create_date": "2017-10-06T11:44:26.3",
  "update_user": null,
  "update_date": null
} {
  "id": 7621,
  "customer_id": 49,
  "customer_name": "Power Track",
  "company_name": "Jack Cooper Transport",
  "invoice_number": "85098",
  "description": "7621 Truck(s) moved from Plant to Parking Lot",
  "source_type_id": 1,
  "source_type_code": "O",
  "company_currency_type_id": 1,
  "company_currency_type_code": "USD",
  "company_amount": 1007.6200,
  "customer_currency_type_id": 2,
  "customer_currency_type_code": "CAN",
  "customer_amount": 1243.0500,
  "due_date": "2017-08-26T21:53:54.913",
  "due_date_time_zone": "CST",
  "is_prepaid": 0,
  "expiration_date": null,
  "expiration_time_zone": "CST",
  "currency_calculation_id": 7621,
  "hedge_date": "2017-02-04T18:21:34.63",
  "close_date": null,
  "create_user": 1,
  "create_date": "2017-02-04T18:21:34.63",
  "update_user": null,
  "update_date": null
} {
  "id": 7706,
  "customer_id": 49,
  "customer_name": "Power Track",
  "company_name": "Jack Cooper Transport",
  "invoice_number": "43799",
  "description": "7706 Truck(s) moved from Plant to Parking Lot",
  "source_type_id": 2,
  "source_type_code": "M",
  "company_currency_type_id": 1,
  "company_currency_type_code": "USD",
  "company_amount": 1007.7100,
  "customer_currency_type_id": 2,
  "customer_currency_type_code": "CAN",
  "customer_amount": 1243.1600,
  "due_date": "2017-08-26T21:53:54.913",
  "due_date_time_zone": "CST",
  "is_prepaid": 0,
  "expiration_date": null,
  "expiration_time_zone": "CST",
  "currency_calculation_id": 7706,
  "hedge_date": "2017-05-03T11:14:13.18",
  "close_date": null,
  "create_user": 1,
  "create_date": "2017-05-03T11:14:13.18",
  "update_user": null,
  "update_date": null
} {
  "id": 8077,
  "customer_id": 33,
  "customer_name": "Power Track",
  "company_name": "Jack Cooper Transport",
  "invoice_number": "74985",
  "description": "8077 Van(s) moved from Plant to Parking Lot",
  "source_type_id": 1,
  "source_type_code": "O",
  "company_currency_type_id": 1,
  "company_currency_type_code": "USD",
  "company_amount": 1008.0800,
  "customer_currency_type_id": 2,
  "customer_currency_type_code": "CAN",
  "customer_amount": 1243.6200,
  "due_date": "2017-08-26T21:53:54.913",
  "due_date_time_zone": "CST",
  "is_prepaid": 0,
  "expiration_date": null,
  "expiration_time_zone": "CST",
  "currency_calculation_id": 8077,
  "hedge_date": null,
  "close_date": null,
  "create_user": 1,
  "create_date": "2017-07-07T23:02:25.12",
  "update_user": null,
  "update_date": null
} {
  "id": 8344,
  "customer_id": 33,
  "customer_name": "Power Track",
  "company_name": "Jack Cooper Transport",
  "invoice_number": "41201",
  "description": "8344 Non-Commercial Vehicles from Parking Lot to Train",
  "source_type_id": 3,
  "source_type_code": "D",
  "company_currency_type_id": 1,
  "company_currency_type_code": "USD",
  "company_amount": 1008.3400,
  "customer_currency_type_id": 2,
  "customer_currency_type_code": "CAN",
  "customer_amount": 1243.9400,
  "due_date": "2017-08-26T21:53:54.913",
  "due_date_time_zone": "CST",
  "is_prepaid": 0,
  "expiration_date": null,
  "expiration_time_zone": "CST",
  "currency_calculation_id": 8344,
  "hedge_date": "2017-06-12T02:46:53.24",
  "close_date": null,
  "create_user": 1,
  "create_date": "2017-06-12T02:46:53.24",
  "update_user": null,
  "update_date": null
} {
  "id": 8438,
  "customer_id": 33,
  "customer_name": "Power Track",
  "company_name": "Jack Cooper Transport",
  "invoice_number": "96396",
  "description": "8438 Commercial Vehicles from Parking Lot to Train",
  "source_type_id": 1,
  "source_type_code": "O",
  "company_currency_type_id": 1,
  "company_currency_type_code": "USD",
  "company_amount": 1008.4400,
  "customer_currency_type_id": 2,
  "customer_currency_type_code": "CAN",
  "customer_amount": 1244.0600,
  "due_date": "2017-08-26T21:53:54.913",
  "due_date_time_zone": "CST",
  "is_prepaid": 0,
  "expiration_date": null,
  "expiration_time_zone": "CST",
  "currency_calculation_id": 8438,
  "hedge_date": null,
  "close_date": null,
  "create_user": 1,
  "create_date": "2017-10-23T19:15:31.24",
  "update_user": null,
  "update_date": null
} {
  "id": 8575,
  "customer_id": 49,
  "customer_name": "Power Track",
  "company_name": "Jack Cooper Transport",
  "invoice_number": "26301",
  "description": "8575 Car(s) moved from Plant to Parking Lot",
  "source_type_id": 1,
  "source_type_code": "O",
  "company_currency_type_id": 1,
  "company_currency_type_code": "USD",
  "company_amount": 1008.5800,
  "customer_currency_type_id": 2,
  "customer_currency_type_code": "CAN",
  "customer_amount": 1244.2300,
  "due_date": "2017-08-26T21:53:54.913",
  "due_date_time_zone": "CST",
  "is_prepaid": 0,
  "expiration_date": null,
  "expiration_time_zone": "CST",
  "currency_calculation_id": 8575,
  "hedge_date": null,
  "close_date": null,
  "create_user": 1,
  "create_date": "2017-12-27T09:56:20.92",
  "update_user": null,
  "update_date": null
} {
  "id": 8680,
  "customer_id": 33,
  "customer_name": "Power Track",
  "company_name": "Jack Cooper Transport",
  "invoice_number": "90533",
  "description": "8680 Car(s) moved from Plant to Parking Lot",
  "source_type_id": 1,
  "source_type_code": "O",
  "company_currency_type_id": 1,
  "company_currency_type_code": "USD",
  "company_amount": 1008.6800,
  "customer_currency_type_id": 2,
  "customer_currency_type_code": "CAN",
  "customer_amount": 1244.3600,
  "due_date": null,
  "due_date_time_zone": "CST",
  "is_prepaid": 1,
  "expiration_date": "2017-08-26T21:53:54.923",
  "expiration_time_zone": "CST",
  "currency_calculation_id": 8680,
  "hedge_date": null,
  "close_date": null,
  "create_user": 1,
  "create_date": "2017-04-22T16:06:46.28",
  "update_user": null,
  "update_date": null
} {
  "id": 8684,
  "customer_id": 33,
  "customer_name": "Power Track",
  "company_name": "Jack Cooper Transport",
  "invoice_number": "44953",
  "description": "8684 Non-Commercial Vehicles from Parking Lot to Train",
  "source_type_id": 1,
  "source_type_code": "O",
  "company_currency_type_id": 1,
  "company_currency_type_code": "USD",
  "company_amount": 1008.6800,
  "customer_currency_type_id": 2,
  "customer_currency_type_code": "CAN",
  "customer_amount": 1244.3600,
  "due_date": "2017-08-26T21:53:54.913",
  "due_date_time_zone": "CST",
  "is_prepaid": 0,
  "expiration_date": null,
  "expiration_time_zone": "CST",
  "currency_calculation_id": 8684,
  "hedge_date": null,
  "close_date": null,
  "create_user": 1,
  "create_date": "2017-07-22T03:50:44.32",
  "update_user": null,
  "update_date": null
} {
  "id": 8932,
  "customer_id": 33,
  "customer_name": "Power Track",
  "company_name": "Jack Cooper Transport",
  "invoice_number": "57155",
  "description": "8932 Van(s) moved from Plant to Parking Lot",
  "source_type_id": 1,
  "source_type_code": "O",
  "company_currency_type_id": 1,
  "company_currency_type_code": "USD",
  "company_amount": 1008.9300,
  "customer_currency_type_id": 2,
  "customer_currency_type_code": "CAN",
  "customer_amount": 1244.6700,
  "due_date": "2017-08-26T21:53:54.913",
  "due_date_time_zone": "CST",
  "is_prepaid": 0,
  "expiration_date": null,
  "expiration_time_zone": "CST",
  "currency_calculation_id": 8932,
  "hedge_date": null,
  "close_date": null,
  "create_user": 1,
  "create_date": "2017-10-13T20:29:33.59",
  "update_user": null,
  "update_date": null
} {
  "id": 8951,
  "customer_id": 33,
  "customer_name": "Power Track",
  "company_name": "Jack Cooper Transport",
  "invoice_number": "21836",
  "description": "8951 Truck(s) moved from Plant to Parking Lot",
  "source_type_id": 2,
  "source_type_code": "M",
  "company_currency_type_id": 1,
  "company_currency_type_code": "USD",
  "company_amount": 1008.9500,
  "customer_currency_type_id": 2,
  "customer_currency_type_code": "CAN",
  "customer_amount": 1244.6900,
  "due_date": "2017-08-26T21:53:54.913",
  "due_date_time_zone": "CST",
  "is_prepaid": 0,
  "expiration_date": null,
  "expiration_time_zone": "CST",
  "currency_calculation_id": 8951,
  "hedge_date": "2017-10-07T06:38:50.55",
  "close_date": null,
  "create_user": 1,
  "create_date": "2017-10-07T06:38:50.55",
  "update_user": null,
  "update_date": null
} {
  "id": 9019,
  "customer_id": 49,
  "customer_name": "Power Track",
  "company_name": "Jack Cooper Transport",
  "invoice_number": "67685",
  "description": "9019 Non-Commercial Vehicles from Parking Lot to Train",
  "source_type_id": 3,
  "source_type_code": "D",
  "company_currency_type_id": 1,
  "company_currency_type_code": "USD",
  "company_amount": 1009.0200,
  "customer_currency_type_id": 2,
  "customer_currency_type_code": "CAN",
  "customer_amount": 1244.7800,
  "due_date": "2017-08-26T21:53:54.913",
  "due_date_time_zone": "CST",
  "is_prepaid": 0,
  "expiration_date": null,
  "expiration_time_zone": "CST",
  "currency_calculation_id": 9019,
  "hedge_date": "2017-12-21T05:06:46.63",
  "close_date": null,
  "create_user": 1,
  "create_date": "2017-12-21T05:06:46.63",
  "update_user": null,
  "update_date": null
} {
  "id": 9206,
  "customer_id": 49,
  "customer_name": "Power Track",
  "company_name": "Jack Cooper Transport",
  "invoice_number": "38735",
  "description": "9206 Truck(s) moved from Plant to Parking Lot",
  "source_type_id": 3,
  "source_type_code": "D",
  "company_currency_type_id": 1,
  "company_currency_type_code": "USD",
  "company_amount": 1009.2100,
  "customer_currency_type_id": 2,
  "customer_currency_type_code": "CAN",
  "customer_amount": 1245.0100,
  "due_date": "2017-08-26T21:53:54.913",
  "due_date_time_zone": "CST",
  "is_prepaid": 0,
  "expiration_date": null,
  "expiration_time_zone": "CST",
  "currency_calculation_id": 9206,
  "hedge_date": "2017-09-21T19:32:46.31",
  "close_date": null,
  "create_user": 1,
  "create_date": "2017-09-21T19:32:46.31",
  "update_user": null,
  "update_date": null
} {
  "id": 9241,
  "customer_id": 33,
  "customer_name": "Power Track",
  "company_name": "Jack Cooper Transport",
  "invoice_number": "78599",
  "description": "9241 Truck(s) moved from Plant to Parking Lot",
  "source_type_id": 3,
  "source_type_code": "D",
  "company_currency_type_id": 1,
  "company_currency_type_code": "USD",
  "company_amount": 1009.2400,
  "customer_currency_type_id": 2,
  "customer_currency_type_code": "CAN",
  "customer_amount": 1245.0500,
  "due_date": "2017-08-26T21:53:54.913",
  "due_date_time_zone": "CST",
  "is_prepaid": 0,
  "expiration_date": null,
  "expiration_time_zone": "CST",
  "currency_calculation_id": 9241,
  "hedge_date": "2017-11-18T11:12:03.68",
  "close_date": null,
  "create_user": 1,
  "create_date": "2017-11-18T11:12:03.68",
  "update_user": null,
  "update_date": null
} {
  "id": 9683,
  "customer_id": 33,
  "customer_name": "Power Track",
  "company_name": "Jack Cooper Transport",
  "invoice_number": "22685",
  "description": "9683 Commercial Vehicles from Parking Lot to Train",
  "source_type_id": 1,
  "source_type_code": "O",
  "company_currency_type_id": 1,
  "company_currency_type_code": "USD",
  "company_amount": 1009.6800,
  "customer_currency_type_id": 2,
  "customer_currency_type_code": "CAN",
  "customer_amount": 1245.5900,
  "due_date": "2017-08-26T21:53:54.913",
  "due_date_time_zone": "CST",
  "is_prepaid": 0,
  "expiration_date": null,
  "expiration_time_zone": "CST",
  "currency_calculation_id": 9683,
  "hedge_date": null,
  "close_date": null,
  "create_user": 1,
  "create_date": "2017-05-07T23:55:12.94",
  "update_user": null,
  "update_date": null
} {
  "id": 9747,
  "customer_id": 33,
  "customer_name": "Power Track",
  "company_name": "Jack Cooper Transport",
  "invoice_number": "76566",
  "description": "9747 Van(s) moved from Plant to Parking Lot",
  "source_type_id": 2,
  "source_type_code": "M",
  "company_currency_type_id": 1,
  "company_currency_type_code": "USD",
  "company_amount": 1009.7500,
  "customer_currency_type_id": 2,
  "customer_currency_type_code": "CAN",
  "customer_amount": 1245.6800,
  "due_date": "2017-08-26T21:53:54.913",
  "due_date_time_zone": "CST",
  "is_prepaid": 0,
  "expiration_date": null,
  "expiration_time_zone": "CST",
  "currency_calculation_id": 9747,
  "hedge_date": "2017-12-25T01:19:05.69",
  "close_date": null,
  "create_user": 1,
  "create_date": "2017-12-25T01:19:05.69",
  "update_user": null,
  "update_date": null
} {
  "id": 9752,
  "customer_id": 33,
  "customer_name": "Power Track",
  "company_name": "Jack Cooper Transport",
  "invoice_number": "01084",
  "description": "9752 Van(s) moved from Plant to Parking Lot",
  "source_type_id": 2,
  "source_type_code": "M",
  "company_currency_type_id": 1,
  "company_currency_type_code": "USD",
  "company_amount": 1009.7500,
  "customer_currency_type_id": 2,
  "customer_currency_type_code": "CAN",
  "customer_amount": 1245.6800,
  "due_date": "2017-08-26T21:53:54.913",
  "due_date_time_zone": "CST",
  "is_prepaid": 0,
  "expiration_date": null,
  "expiration_time_zone": "CST",
  "currency_calculation_id": 9752,
  "hedge_date": "2017-03-04T04:05:38.21",
  "close_date": null,
  "create_user": 1,
  "create_date": "2017-03-04T04:05:38.21",
  "update_user": null,
  "update_date": null
} {
  "id": 9821,
  "customer_id": 49,
  "customer_name": "Power Track",
  "company_name": "Jack Cooper Transport",
  "invoice_number": "12494",
  "description": "9821 Truck(s) moved from Plant to Parking Lot",
  "source_type_id": 1,
  "source_type_code": "O",
  "company_currency_type_id": 1,
  "company_currency_type_code": "USD",
  "company_amount": 1009.8200,
  "customer_currency_type_id": 2,
  "customer_currency_type_code": "CAN",
  "customer_amount": 1245.7600,
  "due_date": "2017-08-26T21:53:54.913",
  "due_date_time_zone": "CST",
  "is_prepaid": 0,
  "expiration_date": null,
  "expiration_time_zone": "CST",
  "currency_calculation_id": 9821,
  "hedge_date": null,
  "close_date": null,
  "create_user": 1,
  "create_date": "2017-07-23T21:34:36.96",
  "update_user": null,
  "update_date": null
} { status: 1 }
